Số thứ tự,Tên báo,Tác giả,Ngày xuất bản,Tên số báo
22,22. Hiệu quả cải thiện thang điểm blatt - kupperman và triệu chứng y học cổ truyền của lưỡng địa thang trên bệnh nhân rong kinh giai đoạn tiền mãn kinh thể âm hư huyết nhiệt,Ngô Quỳnh Hoa,"Đã xuất bản:
                        2022-10-11",Tập 158 Số 10 (2022)
23,"17. Tác dụng giảm ho, long đờm của viên nang mềm Tecan trên bệnh nhân viêm họng cấp do virus","Vũ Việt Hằng, Phạm Thị Bích  Đào, Trần Thị Minh Quyên","Đã xuất bản:
                        2022-10-11",Tập 158 Số 10 (2022)
24,26. Tác dụng của phương pháp cấy chỉ trong điều trị mất ngủ không thực tổn,Nguyễn Văn Toại,"Đã xuất bản:
                        2022-10-11",Tập 158 Số 10 (2022)
25,23. Tác dụng của bài thuốc số 2 theo phác đồ của bộ y tế kết hợp y học hiện đại trên bệnh nhân sốt xuất huyết dengue chưa có dấu hiệu cảnh báo,"Ngô Quỳnh  Hoa, Lê Thị Thu Hương, Lã Kiều Oanh","Đã xuất bản:
                        2022-10-11",Tập 158 Số 10 (2022)
26,"2. Nghiên cứu ảnh hưởng của viên nang mềm Tecan lên chức năng gan, thận chuột cống thực nghiệm","Vũ Việt Hằng, Phạm Thị Vân Anh","Đã xuất bản:
                        2022-10-11",Tập 158 Số 10 (2022)
27,9. tác dụng của xông thuốc kết hợp điện châm và xoa bóp bấm huyệt trên bệnh nhân đau thắt lưng,"Nguyễn Thị Thu Hà, Nguyễn Kim  Ngọc","Đã xuất bản:
                        2022-10-11",Tập 158 Số 10 (2022)
28,11. Tác dụng giảm đau và cải thiện tầm vận động cột sống cổ của điện châm kết hợp đắp paraffin trên bệnh nhân hội chứng cổ vai cánh tay do thoái hóa cột sống cổ,"Nguyễn Thị Thanh Tú, Cao Thị Huyền Trang","Đã xuất bản:
                        2022-10-11",Tập 158 Số 10 (2022)
29,5. tác dụng cải thiện vận động của điện châm và “độc hoạt thang” trên bệnh nhân đau thắt lưng do thoái hóa cột sống,"Ngô Quỳnh  Hoa, Phùng Thị Khánh Linh, Đặng Trúc Quỳnh","Đã xuất bản:
                        2022-10-11",Tập 158 Số 10 (2022)
30,"3. ảnh hưởng của cao up1 lên chức năng gan, thận thỏ thực nghiệm và tế bào tcd4, tcd8 trên chuột mang u","Trần Thị Thu Trang, Trần Quang  Minh","Đã xuất bản:
                        2022-10-11",Tập 158 Số 10 (2022)
31,25. Tỷ lệ mắc và thể lâm sàng của tâm căn suy nhược trên bệnh nhân viêm trực tràng chảy máu sau xạ trị ung thư cổ tử cung tại Bệnh viện Y học cổ truyền Trung ương 7/2020-2/2021,"Hoàng Lê Hải Yến, Trịnh Thị Lụa","Đã xuất bản:
                        2022-10-11",Tập 158 Số 10 (2022)
32,4. Hiệu quả hỗ trợ điều trị biến chứng thần kinh ngoại vi do đái tháo đường type 2 của điện châm và xoa bóp bấm huyệt theo thể bệnh y học cổ truyền,"Nguyễn Thanh Thủy, Nguyễn Thị Thanh Tú","Đã xuất bản:
                        2022-10-11",Tập 158 Số 10 (2022)
33,6. bước đầu nhận xét tác dụng điều trị rối loạn lipid máu của viên nang pt powertrim trên lâm sàng,"Nguyễn Tuấn Nghĩa, Ngô Quỳnh  Hoa, Nguyễn Thị Thu Hằng, Đặng Trúc Quỳnh","Đã xuất bản:
                        2022-10-11",Tập 158 Số 10 (2022)
34,1. Khảo sát thành phần Catapol và 5-Hydroxymethylfurfural trong thục địa,"Nguyễn Văn Phúc, Hoàng Minh Chung","Đã xuất bản:
                        2022-10-11",Tập 158 Số 10 (2022)
35,16. Tác dụng của điện châm trên bệnh nhân liệt ruột cơ năng sau mổ nội soi lấy sỏi mật,"Bùi Tiến Hưng, Cao Thị Huyền Trang","Đã xuất bản:
                        2022-10-11",Tập 158 Số 10 (2022)
36,24. Hiệu quả cải thiện tầm vận động và chức năng sinh hoạt hàng ngày của “độc hoạt thang” trong điều trị hội chứng thắt lưng hông do thoái hóa cột sống thắt lưng,"Ngô Quỳnh  Hoa, Lã Kiều Oanh","Đã xuất bản:
                        2022-10-11",Tập 158 Số 10 (2022)
37,20. Tác dụng của trĩ thiên dược trên trĩ nội độ ii chảy máu: Thử nghiệm lâm sàng giai đoạn ii,"Phạm Đức  Huấn, Lê Thành  Xuân, Lê Thị Minh Phương","Đã xuất bản:
                        2022-10-11",Tập 158 Số 10 (2022)
38,7. Tác dụng của phương pháp cấy chỉ trong điều trị viêm mũi dị ứng,"Phạm Thị Ánh Tuyết, Đoàn Thị Thùy Dương","Đã xuất bản:
                        2022-10-11",Tập 158 Số 10 (2022)
39,19. Tác dụng của ôn điện châm kết hợp Ý dĩ nhân thang trên bệnh nhân thoái hoá khớp gối,"Đinh Thị Lam, Nguyễn Giang Thanh","Đã xuất bản:
                        2022-10-11",Tập 158 Số 10 (2022)
40,15. Đánh giá tác dụng giảm đau sau mổ nội soi lấy sỏi túi mật bằng phương pháp điện châm,"Bùi Tiến Hưng, Cao Thị Huyền  Trang","Đã xuất bản:
                        2022-10-11",Tập 158 Số 10 (2022)
41,12. Tác dụng điều trị viêm quanh khớp vai đơn thuần của bài thuốc “Cát căn gia truật ý dĩ nhân thang”,"Nguyễn Thị Thu Hà , Nguyễn Thị Thanh Tú","Đã xuất bản:
                        2022-10-11",Tập 158 Số 10 (2022)
42,14. Hiệu quả và tính an toàn của điện châm luồn kim dưới da kết hợp xoa bóp bấm huyệt trong điều trị liệt vii ngoại biên do lạnh,"Nguyễn Tuyết  Trang, Trần Văn Thuấn, Nguyễn Phương Anh, Phạm Thị Hải Yến","Đã xuất bản:
                        2022-10-11",Tập 158 Số 10 (2022)
43,"10. hiệu quả giảm đau điện châm nhóm huyệt thượng liêu, thứ liêu, trung liêu trên bệnh nhân sau mổ trĩ theo phương pháp milligan morgan từ ngày thứ 2","Tạ Đăng Quang, Lê Thị Thu Hương","Đã xuất bản:
                        2022-10-11",Tập 158 Số 10 (2022)
44,13. Hiệu quả điều trị thoái hoá khớp gối bằng độc hoạt ký sinh thang kết hợp điện châm và bài tập vận động,"Lại Thị Thanh Hiền, Trần Thị Hải Vân","Đã xuất bản:
                        2022-10-12",Tập 158 Số 10 (2022)
45,27. Mô hình bệnh tật và tình hình điều trị bệnh sản phụ khoa tại Khoa phụ sản Bệnh viện Đa khoa Y học cổ truyền Hà Nội năm 2018 - 2019,"Nguyễn Thị Thanh Tú, Đặng Trúc Quỳnh","Đã xuất bản:
                        2022-10-11",Tập 158 Số 10 (2022)
46,18. Tác dụng của thủy châm Milgamma N trên bệnh nhân đau dây thần kinh tọa do thoái hóa cột sống thắt lưng,"Đinh Thị  Lam, Nguyễn Thanh Giang","Đã xuất bản:
                        2022-10-11",Tập 158 Số 10 (2022)
47,8. Hiệu quả của ôn điện châm kết hợp xoa bóp bấm huyệt trên một số chứng trạng y học cổ truyền ở bệnh nhân yêu thống thể hàn,"Trần Thị Hải Vân, Lại Thanh Hiền","Đã xuất bản:
                        2022-10-11",Tập 158 Số 10 (2022)
48,"21. Tác dụng giảm đau, cải thiện tầm vận động của nhãn châm, điện châm và xoa bóp bấm huyệt trong điều trị viêm quanh khớp vai đơn thuần","Bùi Thị  Mến, Ngô Quỳnh Hoa, Nguyễn Thị Ngọc","Đã xuất bản:
                        2022-10-11",Tập 158 Số 10 (2022)
49,9. Đánh giá phân suất tống máu thất phải bằng siêu âm tim 3D ở bệnh nhân tăng áp lực động mạch phổi,"Hoàng Huy Hiệu, Bùi Văn Nhơn, Trần Thị Hiển, Nguyễn Lân Hiếu, Nguyễn Lân Việt, Nguyễn Thị Minh Lý","Đã xuất bản:
                        2022-10-06",Tập 157 Số 9 (2022)
50,29. Loạn dưỡng não - thượng thận ở trẻ em: Báo cáo 2 ca bệnh,"Ngô Thị Thu Hương, Đinh Thị Ngọc Mai, Lương Thị Thu Hương, Nguyễn Thị Kim Dung, Đinh Trung Thành","Đã xuất bản:
                        2022-10-06",Tập 157 Số 9 (2022)
51,3. Định danh đến cấp độ loài một số chủng Mycobacteria bằng phương pháp giải trình tự gen,"Nguyễn Thị Hà, Nguyễn Văn Hưng, Trần Minh Châu, Phạm Hồng Nhung","Đã xuất bản:
                        2022-09-15",Tập 157 Số 9 (2022)
52,5. Tình trạng dinh dưỡng của học sinh 11 - 14 tuổi tại hai quận nội thành Hà Nội năm 2020,"Lê Thị Thu Hường, Trịnh Bảo Ngọc","Đã xuất bản:
                        2022-10-06",Tập 157 Số 9 (2022)
53,2. Đa hình đơn nucleotide rs3077 của gen HLA-DP trên bệnh nhân xơ gan nhiễm virus viêm gan B,"Nguyễn Tiến Long, Trần Vân Khánh, Hồ Cẩm Tú, Vũ Thị Hoài Thu, Tạ Thành Văn, Nguyễn Thu Thúy","Đã xuất bản:
                        2022-09-15",Tập 157 Số 9 (2022)
54,28. Báo cáo ca bệnh: Rối loạn nhân dạng phân ly (đa nhân cách),"Lê Thị Thu Hà, Nguyễn Việt Hà, Vũ Thị Mỹ Hạnh, Nguyễn Văn Tuấn","Đã xuất bản:
                        2022-10-06",Tập 157 Số 9 (2022)
55,4. Tình trạng dinh dưỡng và thói quen ăn uống của người bệnh ung thư tuyến giáp trước phẫu thuật,"Dương Thị Phượng, Nguyễn Xuân Hậu, Vũ Ngọc Hà, Lê Thị Hương","Đã xuất bản:
                        2022-09-15",Tập 157 Số 9 (2022)
56,13. Nghiên cứu độc tính cấp và bán trường diễn của viên nang cứng An Phụ Khang Plus trên động vật thực nghiệm,"Đặng Thị Thu Hiên, Trần Thanh Tùng","Đã xuất bản:
                        2022-10-06",Tập 157 Số 9 (2022)
57,17. Tác dụng giảm đau và chống viêm cấp của viên nang mềm Tecan trên thực nghiệm,"Vũ Việt Hằng, Phạm Thị Vân Anh","Đã xuất bản:
                        2022-10-06",Tập 157 Số 9 (2022)
58,12. Tác dụng chống xơ gan của viên nang cứng Silymax Complex trên mô hình gây xơ gan bằng carbon tetrachloride trên chuột nhắt trắng,"Mai Phương Thanh, Phạm Thị Vân Anh, Đinh Thị Thu Hằng, Nguyễn Thị Minh Nguyệt, Phạm Thị Thu, Trần Thị Thúy","Đã xuất bản:
                        2022-10-06",Tập 157 Số 9 (2022)
59,6. Tình trạng dinh dưỡng và đặc điểm nuôi dưỡng qua ống thông dạ dày ở người bệnh hồi sức tích cực tại Bệnh viện Điều trị người bệnh COVID-19,"Nguyễn Thùy Linh, Hoàng Thị Hằng, Ma Ngọc Yến,  Nguyễn Thuý Nam, Tạ Thanh Nga, Bùi Thị Trà Vi, Phạm Thị Tuyết Chinh, Lê Đức Dũng","Đã xuất bản:
                        2022-10-06",Tập 157 Số 9 (2022)
60,15. Tác dụng bảo vệ của viên nang cứng Mộc tỳ vị trên mô hình trào ngược dạ dày thực quản thực nghiệm,"Tô Lê Hồng, Phạm Quốc Sự, Phạm Thị Vân Anh, Đặng Thị Thu Hiên","Đã xuất bản:
                        2022-10-06",Tập 157 Số 9 (2022)
61,14. Đánh giá tác dụng của viên nang cứng Dạ dày Tuệ Tĩnh trên mô hình loét dạ dày - tá tràng bằng cysteamin ở động vật thực nghiệm,"Phạm Quốc Sự, Tô Lê Hồng, Phạm Thanh Tùng, Trần Thị Thúy Phương, Phạm Thị Vân Anh, Đặng Thị Thu Hiên","Đã xuất bản:
                        2022-10-06",Tập 157 Số 9 (2022)
62,"23. Yếu tố liên quan đến ngừng điều trị nghiện chất dạng thuốc phiện bằng buprenorphine tại ba tỉnh miền núi phía Bắc, Việt Nam","Đào Thị Diệu Thúy, Vũ Minh Anh, Đinh Thị Thanh Thúy, Nguyễn Thu Trang, Lê Minh Giang","Đã xuất bản:
                        2022-10-06",Tập 157 Số 9 (2022)
63,27. Báo cáo trường hợp nhiễm nấm Histoplasma lan toả và nhiễm CMV tủy xương ở bệnh nhân không nhiễm HIV,"Lê Thị Họa, Lương Hương Giang, Đỗ Duy Cường, Phạm Thị Thảo Hương","Đã xuất bản:
                        2022-10-06",Tập 157 Số 9 (2022)
64,25. Một số yếu tố liên quan đến sức khoẻ tâm thần của cán bộ Y tế trong đại dịch COVID-19,"Lê Thị Thanh Xuân, Nguyễn Thanh Thảo, Nguyễn Ngọc Anh, Phạm Thị Quân, Phan Thị Mai Hương, Nguyễn Quốc Doanh, Tạ Thị Kim Nhung, Lương Mai Anh, Nguyễn Thị Thu Huyền, Nguyễn Thị Liên Hương, Nguyễn Thị Quỳnh","Đã xuất bản:
                        2022-10-06",Tập 157 Số 9 (2022)
65,"19. Tác dụng điều trị đái tháo đường type 2 bằng Metformin kết hợp bài thuốc ""Bát tiên trường thọ"" trên một số chỉ số cận lâm sàng","Vũ Việt Hằng, Đặng Văn Cường, Trần Thị Minh Quyên","Đã xuất bản:
                        2022-10-06",Tập 157 Số 9 (2022)
66,31. Tiếp cận chẩn đoán và điều trị hội chứng QT dài bẩm sinh: Báo cáo một ca bệnh,"Trương Thanh Hương, Nguyễn Hoàng Hiệp, Trần Song Giang, Đỗ Doãn Lợi, Đoàn Thị Kim Phượng, Kim Ngọc Thanh, Lê Hồng An","Đã xuất bản:
                        2022-10-06",Tập 157 Số 9 (2022)
67,32. Giãn động mạch vành do nhiễm Epstein-Barr virus: Tổng quan tài liệu và báo cáo ca bệnh ở trẻ em,"Đỗ Thị Đài Trang, Vũ Thu Phương","Đã xuất bản:
                        2022-10-06",Tập 157 Số 9 (2022)
68,24. Tác động của đại dịch COVID-19 đến sức khỏe tâm thần của cán bộ Y tế Việt Nam năm 2021,"Nguyễn Thị Quỳnh, Lê Thị Thanh Xuân, Nguyễn Thanh Thảo, Nguyễn Ngọc Anh, Phạm Thị Quân, Phan Thị Mai Hương, Nguyễn Quốc Doanh, Tạ Thị Kim Nhung, Lương Mai Anh, Nguyễn Thị Thu Huyền, Nguyễn Thị Liên Hương","Đã xuất bản:
                        2022-10-06",Tập 157 Số 9 (2022)
69,10. Tác dụng chống viêm của TD0015 trên động vật thực nghiệm,"Nguyễn Thị Thanh Hà, Trần Quỳnh Trang, Phạm Thị Vân Anh, Nguyễn Thị Hương Liên","Đã xuất bản:
                        2022-10-06",Tập 157 Số 9 (2022)
70,26. Tính sẵn sàng ứng phó với COVID-19 của nhân viên y tế Việt Nam năm 2021,"Lê Thị Thanh Xuân, Nguyễn Thanh Thảo, Nguyễn Ngọc Anh, Phạm Thị Quân, Phan Thị Mai Hương, Nguyễn Quốc Doanh, Tạ Thị Kim Nhung, Lương Mai Anh, Nguyễn Thị Thu Huyền, Nguyễn Thị Liên Hương, Nguyễn Thị Quỳnh","Đã xuất bản:
                        2022-10-06",Tập 157 Số 9 (2022)
71,"20. Kết quả của điện châm nhóm huyệt ""QT1"" trên bệnh nhân bí tiểu sau phẫu thuật chấn thương cột sống lưng - thắt lưng","Nguyễn Thị Thanh Tú, Nguyễn Tuyết Trang, Tạ Đăng Quang","Đã xuất bản:
                        2022-10-06",Tập 157 Số 9 (2022)
72,1. Xác định hiệu quả phối hợp hai carbapenem in vitro trên các chủng K. Pneumoniae sinh carbapenemase,"Phạm Hồng Nhung, Nguyễn Mỹ Linh","Đã xuất bản:
                        2022-10-06",Tập 157 Số 9 (2022)
73,"16. Tác dụng chống viêm, giảm đau họng của viên nang mềm Tecan trên bệnh nhân viêm họng cấp do virus tại Bệnh viện Đại học Y Hà Nội","Vũ Việt Hằng, Phạm Thị Bích Đào, Trần Thị Minh Quyên","Đã xuất bản:
                        2022-10-06",Tập 157 Số 9 (2022)
74,"22. Kiến thức, thực hành phòng, chống dịch COVID-19 của nhân viên y tế tại Việt Nam và một số yếu tố liên quan năm 2020","Tạ Thị Kim Nhung, Nguyễn Ngọc Anh, Lê Thị Thanh Xuân                                                                              , Phạm Thị Quân, Nguyễn Thanh Thảo, Nguyễn Quốc Doanh, Phan Thị Mai Hương, Nguyễn Thị Quỳnh","Đã xuất bản:
                        2022-10-06",Tập 157 Số 9 (2022)
75,"8. Thực trạng quản lý huyết áp, đường máu và lipid máu ở người bệnh động mạch vành sau đặt stent tại Bệnh viện Đa khoa tỉnh Thanh Hóa","Hoàng Thị Thu Hương, Trịnh Quốc Đạt, Hồ Thị Kim Thanh","Đã xuất bản:
                        2022-10-06",Tập 157 Số 9 (2022)
76,21. Thực trạng công việc và khả năng sẵn sàng ứng phó với dịch COVID-19 của nhân viên y tế Bệnh viện Đống Đa - Hà Nội năm 2021,"Nguyễn Ngọc Anh, Định Thị Lam, Trần Thị Phương Thảo, Lê Thị Thanh Xuân, Nguyễn Thanh Thảo, Phạm Thị Quân, Tạ Thị Kim Nhung, Phan Thị Mai Hương, Nguyễn Quốc Doanh, Nguyễn Thị Loan, Nguyễn Thị Quỳnh","Đã xuất bản:
                        2022-10-06",Tập 157 Số 9 (2022)
77,"18. Kết quả của ""Sài hồ sơ can tán"" kết hợp ""Ô bối tán"" trong điều trị hội chứng trào ngược dạ dày thực quản","Nguyễn Thị Thanh Tú, Lý Hải Yến","Đã xuất bản:
                        2022-10-06",Tập 157 Số 9 (2022)
78,11. Tác dụng giảm đau của TD0015 trên thực nghiệm,"Nguyễn Thị Thanh Hà, Trần Quỳnh Trang, Phạm Thị Vân Anh, Nguyễn Thị Hương Liên","Đã xuất bản:
                        2022-10-06",Tập 157 Số 9 (2022)
79,38. Hiệu quả kháng ung thư của virus vaccin sởi trên mô hình chuột thiếu hụt miễn dịch mang khối ung thư phổi người,"Nguyễn Thị Mỹ Thành, Ngô Thu Hằng, Lê Duy Cương, Nguyễn Văn  Đô, Nguyễn Lĩnh  Toàn","Đã xuất bản:
                        2022-08-31",Tập 156 Số 8 (2022)
80,7. Vai trò tiên lượng của điểm Child-Pugh trên bệnh nhân ung thư biểu mô tế bào gan điều trị bằng Sorafenib,"Nguyễn Thị Thu Hường, Lê Văn Quảng","Đã xuất bản:
                        2022-10-06",Tập 157 Số 9 (2022)
81,35.  Giá trị của real-time pcr đa mồi trong xác định căn nguyên nhiễm trùng đường hô hấp dưới cộng đồng,"Trần Thị  Ngân, Lê  Hoàn, Lê Minh Hằng, Đinh Thị Thanh Hồng, Nguyễn Thị Như Quỳnh, Trần Minh Châu","Đã xuất bản:
                        2022-08-31",Tập 156 Số 8 (2022)
82,30. Báo cáo ca lâm sàng: Viêm da hình roi do Bleomycin trên bệnh nhân U lympho Hodgkin,"Nguyễn Thị Thu Hường, Đỗ Huyền Nga, Lê Khánh Linh","Đã xuất bản:
                        2022-10-06",Tập 157 Số 9 (2022)
83,10. Tác dụng điều chỉnh rối loạn lipid máu của viên nang cứng “hạ mỡ NK” trên lâm sàng,"Phạm Thủy Phương, Nguyễn Trọng Thông, Phạm Thị Vân Anh, Đặng Thị Thu Hiên, Phạm Quốc Bình","Đã xuất bản:
                        2022-08-31",Tập 156 Số 8 (2022)
84,36.  Chất lượng cuộc sống của người bệnh loét dạ dày- tá tràng tại Bệnh viện Đa khoa tỉnh Vĩnh Phúc năm 2021,"Hà Thị Mai Hương, Nguyễn Thị Lan Anh,  Nguyễn Văn Huy, Nguyễn Thị Thanh  Luyến","Đã xuất bản:
                        2022-08-31",Tập 156 Số 8 (2022)
85,25. Thái độ của sinh viên Đại học Y Hà Nội về học trực tuyến do dịch covid-19 năm 2021,"Phạm Bích Diệp, Đào Thị  Hoà","Đã xuất bản:
                        2022-08-31",Tập 156 Số 8 (2022)
86,4. Đa hình nucleotid đơn gen oprd1 trong điều trị methadone thay thế ở bệnh nhân nghiện chất dạng thuốc phiện,"Nguyễn Thị Xuân1, Nguyễn Quỳnh  Giao, Trần Văn Chiều, Lê Hoàng Nam, Đặng Thị Ngọc Dung, Trần Khánh Chi1 Đại học y Hà Nội","Đã xuất bản:
                        2022-08-31",Tập 156 Số 8 (2022)
87,15. Kết quả sống thêm ở bệnh nhân ung thu vú bộ ba âm tính tái phát di căn hóa trị phác đồ Gemcitabine-Carboplatin,"Lê Thanh Đức, Bùi Thành Lập","Đã xuất bản:
                        2022-08-31",Tập 156 Số 8 (2022)
88,26. Kết quả bước đầu của can thiệp tâm lý nhóm cho người bệnh trầm cảm tại tỉnh Thái Nguyên năm 2021,"Đỗ Tuyết Mai, Nguyễn Thanh  Tâm, Trần Thị Thanh Hương","Đã xuất bản:
                        2022-08-31",Tập 156 Số 8 (2022)
89,5. Biểu hiện tổn thương phổi trên cắt lớp vi tính ở những bệnh nhân nhiễm covid-19 giai đoạn sớm theo nhóm tuổi,"Phạm Hồng Đức, Đỗ Trường  Giang, Nguyễn Kim Sơn, Đoàn Thị Giang, Lương Minh Tuấn","Đã xuất bản:
                        2022-08-31",Tập 156 Số 8 (2022)
90,"13. Đặc điểm lâm sàng, cận lâm sàng và kết quả điều trị chửa ngoài tử cung bằng Methotrexate đơn liều","Vũ Văn Du, Lương Thị  Phượng, Lê Thị Ngọc Hương","Đã xuất bản:
                        2022-08-31",Tập 156 Số 8 (2022)
91,21. Chất lượng cuộc sống của người dân từ 40 tuổi trở lên tại tỉnh Hà Nam năm 2019 và một số yếu tố liên quan,"Ngô Trí Tuấn, Đàm Trọng Anh  Vũ, Trịnh Thị Thanh Mai, Ngô Lan  Trinh, Nguyễn Tuyết Nhi, Vũ Thị Hương Giang, Nguyễn Cao Duy","Đã xuất bản:
                        2022-09-22",Tập 156 Số 8 (2022)
92,23. Đánh giá tác động khóa học thực hành dựa trên bằng chứng trên sinh viên điều dưỡng Trường Đại học Y dược Cần Thơ,"Mai Nguyễn Thanh Trúc, Phạm Lê An, Jeanette Mcneill, Ngô Thị  Dung","Đã xuất bản:
                        2022-08-31",Tập 156 Số 8 (2022)
93,37. Báo cáo ca bệnh: Hội chứng chèn ép khoang ở trẻ sơ sinh,"Nguyễn Thị Quỳnh Nga, Đào Thị Thanh Sơn, Vương Thị Huyền Trang, Phạm Thảo Nguyên, Lê Tuấn  Anh","Đã xuất bản:
                        2022-08-31",Tập 156 Số 8 (2022)
94,6. Rối loạn thần kinh tự chủ ở bệnh nhân parkinson dựa theo thang điểm Scopa - aut,"Vũ Thị  Hinh, Nguyễn Văn  Liệu","Đã xuất bản:
                        2022-08-31",Tập 156 Số 8 (2022)
95,1. Xác định đột biến gen TP53 trong mô ung thư da bằng phương pháp giải trình tự gen,"Hồ Quang Huy, Phạm Đăng Khoa, Phan Thị Hoan, Trần Đức Phấn","Đã xuất bản:
                        2022-08-31",Tập 156 Số 8 (2022)
96,22. Chất lượng cuộc sống trẻ hen phế quản và một số yếu tố liên quan tại Bệnh viện Nhi trung ương,"Nguyễn Thị Thanh Hương, Tạ Tuấn Anh, Lê Huyền  Trang","Đã xuất bản:
                        2022-09-22",Tập 156 Số 8 (2022)
97,9. Hiệu quả phát âm sau phẫu thuật tạo hình thành hầu ở bệnh nhân khe hở vòm miệng có thiểu năng vòm-hầu,"Nguyễn Việt Anh, Lâm Hoài Phương, Ngô Thị Quỳnh  Lan","Đã xuất bản:
                        2022-08-31",Tập 156 Số 8 (2022)
98,3. Đặc điểm khối tế bào gốc phân lập từ tủy xương tự thân hỗ trợ điều trị bệnh teo đường mật bẩm sinh,"Nguyễn Thanh Bình, Phạm Duy Hiền, Nguyễn Phạm Anh Hoa, Trần Minh Điển, Hoàng Tuấn Khang1, Nguyễn Bảo Ngọc, Hà Thị Phương, Lê Đức Minh, Đặng Thị  Hà, Lương Thị Nghiêm, Nguyễn Thị  Duyên1 Bệnh viện Nhi Trung ương","Đã xuất bản:
                        2022-08-31",Tập 156 Số 8 (2022)
99,32.  Báo cáo ca bệnh: Viêm phúc mạc ruột thừa ở trẻ đẻ non,"Nguyễn Thị Quỳnh Nga, Nguyễn Thanh Thảo, Vũ Mạnh Hoàn","Đã xuất bản:
                        2022-08-31",Tập 156 Số 8 (2022)
100,17. Đặc điểm giấc ngủ ở người bệnh giai đoạn trầm cảm điều trị nội trú tại viện sức khỏe tâm thần – Bệnh viện Bạch Mai,"Lê Thị Thu Hà, Nguyễn Văn Tuấn, Lê Thị Cẩm Hương","Đã xuất bản:
                        2022-08-31",Tập 156 Số 8 (2022)
101,"2. Mối liên quan giữa mức độ biểu hiện gen ace2, tmprss2 ở niêm mạc tỵ hầu và mức độ nặng của bệnh COVID-19","Hà Văn Đại, Vũ Phương Nhung, Nguyễn Thị Thanh  Tâm, Lê Thị  Ngọc, Nguyễn Hải Hà, Phạm Ngọc Thạch, Nguyễn Thị Thanh Hải","Đã xuất bản:
                        2022-08-31",Tập 156 Số 8 (2022)
102,"7. Đặc điểm lâm sàng, cận lâm sàng viêm não kháng thụ thể n-methyl-d-aspartate (nmda) sau viêm não herpes simplex ở trẻ em","Đỗ Thanh Hương, Nguyễn Thị Bích Vân, Cao Vũ Hùng, Đào Thị  Nguyệt","Đã xuất bản:
                        2022-09-15",Tập 156 Số 8 (2022)
103,24.  Tìm hiểu ảnh hưởng của môi trường làm việc đến kiệt sức nghề nghiệp ở điều dưỡng bệnh viện chấn thương chỉnh hình Thành phố Hồ Chí Minh: Một tiếp cận định tính,"Lê Thị Thanh Nguyện1, Trần Ngọc Đăng2, Nguyễn Trường Viên3, Châu Văn Đính1, Trần Thị Ngọc Dung1, Nguyễn Thị Ngọc Chinh1, Bùi Thị Thu Hà41 Bệnh viện Chấn thương Chỉnh hình thành phố Hồ Chí Minh2 Đại học Y Dược Thành phố Hồ Chí Minh3 Trường Đại học Y khoa Phạm Ngọc Thạch4 Trường Đại học Y tế Công cộng","Đã xuất bản:
                        2022-09-15",Tập 156 Số 8 (2022)
104,16. Kết quả trong phẫu thuật của phương pháp nong vòi tử cung qua nội soi trên bệnh nhân vô sinh,"Nguyễn Bá Thiết, Nguyễn Viết Tiến, Vũ Văn Du","Đã xuất bản:
                        2022-08-31",Tập 156 Số 8 (2022)
105,18. Nhu cầu chăm sóc giảm nhẹ ở bệnh nhân cao tuổi mắc suy tim mạn tính,"Nguyễn Thị  Thành, Nguyễn Xuân Thanh, Nguyễn Ngọc Tâm, Phạm  Thắng, Vũ Thị Thanh Huyền","Đã xuất bản:
                        2022-08-31",Tập 156 Số 8 (2022)
106,19. Tác dụng hạ glucose máu của giảo cổ lam quả dẹt trên chuột nhắt đái tháo đường typ 2,"Đinh Thị Thanh  Thuỷ, Phạm Thị Vân  Anh, Phạm Thanh  Huyền, Phạm Thanh Kỳ, Nguyễn Thị Thanh  Hà","Đã xuất bản:
                        2022-08-31",Tập 156 Số 8 (2022)
107,11. So sánh kết quả của ba kỹ thuật lấy huyết khối lần đầu cho tắc mạch lớn tuần hoàn trước,"Nguyễn Hữu An, Vũ Đăng Lưu, Mai Duy Tôn","Đã xuất bản:
                        2022-08-31",Tập 156 Số 8 (2022)
108,27.  Thực trạng phản ứng sau tiêm tại phòng tiêm chủng Trường Đại học Y Hà Nội giai đoạn 2015 - 2020,"Nguyễn Văn Thành, Lê Thị Thanh Xuân, Nguyễn Thuý Nam, Hoàng Diệu Linh, Lê Thị Thanh Hà","Đã xuất bản:
                        2022-08-31",Tập 156 Số 8 (2022)
109,8. Tính linh hoạt của vạt đùi trước ngoài trong tạo hình các khuyết lớn vùng gân achilles,"Trần Thiết Sơn, Phạm Thị Việt Dung, Tạ Hồng Thuý, Phan Tuấn Nghĩa, Lê Hồng Phúc","Đã xuất bản:
                        2022-08-31",Tập 156 Số 8 (2022)
110,34.  Viêm âm đạo không đặc hiệu và một số yếu tố liên quan,"Đào Thị  Hoa, Đặng Thị Minh Nguyệt, Đỗ Văn Hảo, Hoàng Thu Hà, Nguyễn Vân Anh","Đã xuất bản:
                        2022-08-31",Tập 156 Số 8 (2022)
111,29.  Thực trạng kiến thức sử dụng nhà tiêu hợp vệ sinh của người dân một số tỉnh miền núi phía Bắc năm 2021,"Nguyễn Thị Phương Oanh, Trần Quỳnh Anh, Bùi Văn  Tùng, Đặng Quang Tân, Hoàng Thị Thu Hà, Chu Thị Hường","Đã xuất bản:
                        2022-08-31",Tập 156 Số 8 (2022)
112,12. Trượt thân đốt sống thắt lưng do thoái hóa mất vững: Vai trò của cộng hưởng từ,"Nguyễn Thị  Hằng, Nguyễn Duy  Hùng, Nguyễn Duy Huề","Đã xuất bản:
                        2022-08-31",Tập 156 Số 8 (2022)
113,"33.  Báo cáo ca lâm sàng Sarcom Ewing nhiều vị trí thân đốt sống
                                            
                            EWING’S SARCOMA AT MULTIPLE VERTEBRAE: A CASE REPORT","Hoàng Văn Làn Đức, Vương Kim Ngân, Nguyễn Hồng Hải","Đã xuất bản:
                        2022-09-15",Tập 156 Số 8 (2022)
114,20. Hiệu quả giảm cân và hạ lipid máu của hỗn hợp dịch chiết lá trà hoa vàng và giảo cổ lam trên chuột nhắt trắng gây béo phì,"Nguyễn Hồng Hạnh, Nguyễn Thanh Hà Tuấn, Nguyễn Thị Thanh Tú","Đã xuất bản:
                        2022-08-31",Tập 156 Số 8 (2022)
115,30.  Đặc điểm dịch tễ học dịch covid-19 lần thứ 4 và một số biện pháp đáp ứng tại tỉnh Bắc Ninh năm 2021,"Đỗ Thị Thanh Toàn, Nguyễn Khắc  Từ, Phạm Quang Thái, Phạm Hải Thanh, Hà Đức Doanh, Phan Ngọc Hân, Trần Thị Thuý Thanh","Đã xuất bản:
                        2022-08-31",Tập 156 Số 8 (2022)
116,28. Thực trạng sử dụng mạng xã hội của người bệnh trong chăm sóc sức khỏe răng miệng tại Hà Nội,"Nguyễn Thanh  Bình, Võ Trương Như Ngọc, Trịnh Hồng Thương, Nguyễn Thị Huyền Trang","Đã xuất bản:
                        2022-09-16",Tập 156 Số 8 (2022)
117,14. Triệu chứng lâm sàng và tỷ lệ tử vong của bệnh nhân tắc động mạch phổi cấp: Một nghiên cứu đa trung tâm tại Việt Nam,"Đỗ Giang  Phúc, Lê Thị Quỳnh Trang, Hoàng Bùi Hải","Đã xuất bản:
                        2022-08-31",Tập 156 Số 8 (2022)
118,31. Bệnh Wilson biểu hiện bởi các triệu chứng tâm thần kinh: Báo cáo ca bệnh,"Phùng Thị Thuý Hằng, Lê Việt  Sơn, Nguyễn Thị Thanh Tâm, Nguyễn Thị Phương Loan, Vũ Văn Hoài, Nguyễn Thị Bích, Nguyễn Văn Giáp, Phạm Thị Phương, Hoàng Trường Sơn, Bùi Văn San11 s:48:""Bộ môn Tâm thần - Đại học Y Hà Nội"";","Đã xuất bản:
                        2022-08-31",Tập 156 Số 8 (2022)
119,1. Đa hình đơn rs2596542 gen MICA ảnh hưởng đến lượng virus Epstein-barr (EBV) trong khối u vòm họng thể không biệt hóa,"Vũ Hải Linh, Nguyễn Hoàng Việt, Nguyễn Quý Linh, Lê Mạnh Thường, Trần Vân Khánh, Lê Thị Phương, Nguyễn Thanh Bình, Nguyễn Đình Thạch, Tạ Thành Đạt","Đã xuất bản:
                        2022-06-15",Tập 155 Số 7 (2022)
120,7. Kết quả ban đầu sử dụng kháng thể IgY và Lactobacillus johnsonii trong hỗ trợ diệt trừ Helicobacter pylori,"Đào Việt Hằng, Vũ Thị Vựng, Hoàng Bảo Long, Trịnh Thị Oanh, Trần Thị Thu Trang, Nguyễn Văn Sa, Đào Văn Long","Đã xuất bản:
                        2022-06-15",Tập 155 Số 7 (2022)
121,23. Kiệt sức nghề nghiệp ở điều dưỡng Bệnh viện Chấn thương Chỉnh hình thành phố Hồ Chí Minh và yếu tố liên quan,"Lê Thị Thanh Nguyện, Trần Ngọc Đăng, Nguyễn Trường Viên, Bùi Thị Thu Hà","Đã xuất bản:
                        2022-06-15",Tập 155 Số 7 (2022)
122,2. Phát hiện đột biến gen G6PD ở bệnh nhân dân tộc Thái thiếu hụt enzyme Glucose-6-phosphatase dehydrogenase,"Trần Huy Thịnh, Ngô Thị Thảo, Trần Vân Khánh","Đã xuất bản:
                        2022-06-15",Tập 155 Số 7 (2022)
123,28. U trung biểu mô màng phổi ác tính - Tổng quan tài liệu và báo cáo ca bệnh,Cung Văn Công,"Đã xuất bản:
                        2022-06-15",Tập 155 Số 7 (2022)
124,20. Kết quả thụ tinh trong ống nghiệm ở bệnh nhân chuyển phôi đông lạnh ngày 3,"Trần Thị Phương Hoa, Nguyễn Mạnh Hà","Đã xuất bản:
                        2022-06-15",Tập 155 Số 7 (2022)
125,"8. Mối liên quan giữa đặc điểm lâm sàng, cận lâm sàng và tổn thương thận trên sinh thiết thận ở trẻ viêm thận lupus tăng sinh","Lương Thị Phượng, Nguyễn Thị Diệu Thúy, Nguyễn Thị Ngọc, Nguyễn Ngọc Huy, Dương Thị Thanh Bình, Nguyễn Thị Thùy Liên, Nguyễn Thu Hương","Đã xuất bản:
                        2022-06-15",Tập 155 Số 7 (2022)
126,27. Hai ca lâm sàng huyết khối tĩnh mạch não ở bệnh nhân COVID-19 tại Bệnh viện Đa khoa tỉnh Thanh Hóa,"Lê Thị Kiên, Nguyễn Hoành Sâm","Đã xuất bản:
                        2022-06-15",Tập 155 Số 7 (2022)
127,19. Đặc điểm tổn thương gân mũ xoay trên MRI 3 tesla ở bệnh nhân đau khớp vai,"Nguyễn Đình Minh, Nguyễn Duy Hùng","Đã xuất bản:
                        2022-06-15",Tập 155 Số 7 (2022)
128,10. Đánh giá kết quả tạo hình bằng vạt tại chỗ sau cắt bỏ ung thư da tế bào đáy vùng má,"Dương Mạnh Chiến, Đỗ Hùng Anh","Đã xuất bản:
                        2022-06-15",Tập 155 Số 7 (2022)
129,18. So sánh tỷ lệ tồn dư giãn cơ sau phẫu thuật nội soi ổ bụng ở nhóm bệnh nhân có hoặc không được theo dõi bằng máy tof Watch,"Phạm Quang Minh, Nguyễn Thị Bạch Dương","Đã xuất bản:
                        2022-06-15",Tập 155 Số 7 (2022)
130,14. Một số đặc điểm lâm sàng và loài nấm gây bệnh ở trẻ em bị nấm da đầu kerion,"Trần Thị Huyền, Nguyễn Văn Hoàng","Đã xuất bản:
                        2022-06-15",Tập 155 Số 7 (2022)
131,12. Xác định tỷ lệ và yếu tố tiên lượng tái thông vô ích của lấy huyết khối tuần hoàn trước,"Nguyễn Hữu An, Vũ Đăng Lưu, Mai Duy Tôn","Đã xuất bản:
                        2022-06-15",Tập 155 Số 7 (2022)
132,13. Khảo sát một số chỉ số siêu âm đặc trưng trong sàng lọc hội chứng Down ở quý 1 và quý 2 thai kỳ tại Bệnh viện Phụ sản Trung ương,"Nguyễn Thị Trang, Trần Danh Cường, Đặng Anh Linh, Đoàn Việt Hà, Hoàng Thị Ngọc Lan, Nguyễn Thị Bích Vân, Vũ Thị Huyền, Ngô Toàn Anh, Lê Thị Quyên","Đã xuất bản:
                        2022-06-15",Tập 155 Số 7 (2022)
133,10. Effectiveness of communication intervention to improve the sexual function of pregnant women,"Phan Chi Thanh, Tran Danh Cuong, Ngo Van Toan","Đã xuất bản:
                        2022-06-11",Tập 154 Số 6 (2022): Tập 154 số 6 E10
134,5. Thay đổi chỉ số xương hàm sau điều trị sai khớp cắn loại II tiểu loại 1 có nhổ bốn răng hàm nhỏ,"Võ Thị Thuý Hồng, Đỗ Lê Phương Thảo, Nguyễn Thị Thu Phương","Đã xuất bản:
                        2022-06-15",Tập 155 Số 7 (2022)
135,24. Phẫu thuật vỡ phồng động mạch chậu vào đại tràng sigma: Báo cáo trường hợp lâm sàng và nhìn lại y văn,"Nguyễn Duy Thắng, Nguyễn Duy Gia, Nguyễn Văn Thịnh, Vũ Ngọc Tú","Đã xuất bản:
                        2022-06-15",Tập 155 Số 7 (2022)
136,17. Associated factors of depressive symptoms in patients with erectile dysfunction,"Nguyen Hoai Bac, Nguyen Van Tuan","Đã xuất bản:
                        2022-06-11",Tập 154 Số 6 (2022): Tập 154 số 6 E10
137,6. Một số yếu tố liên quan đến rối loạn trầm cảm ở người bệnh suy tim điều trị tại Viện Tim mạch - Bệnh viện Bạch Mai,"Dương Minh Tâm, Trần Nguyễn Ngọc","Đã xuất bản:
                        2022-06-15",Tập 155 Số 7 (2022)
138,4. Loạt ca lâm sàng: Áp xe phần mềm khởi phát muộn sau tiêm chất làm đầy Acid Hyaluronic,"Phạm Thị Việt Dung, Nguyễn Ngọc Tuấn","Đã xuất bản:
                        2022-06-15",Tập 155 Số 7 (2022)
139,11. Đánh giá hiệu quả điều trị bước một ung thư phổi không tế bào nhỏ giai đoạn muộn có đột biến EGFR bằng Afatinib,"Trịnh Lê Huy, Trần Đình Anh","Đã xuất bản:
                        2022-06-15",Tập 155 Số 7 (2022)
140,18. Efficacy and safety of pembrolizumab monotherapy in advanced non-small cell lung cancer patients treated at Hanoi Medical University Hospital,"Trinh Le Huy, Đình Anh Trần","Đã xuất bản:
                        2022-06-11",Tập 154 Số 6 (2022): Tập 154 số 6 E10
141,3. Xác định đột biến điểm trên gen PARK2 ở bệnh nhân Parkinson bằng kỹ thuật giải trình tự gen,"Phạm Lê Anh Tuấn, Nguyễn Thanh Bình, Trần Vân Khánh, Trần Huy Thịnh","Đã xuất bản:
                        2022-06-15",Tập 155 Số 7 (2022)
142,12. Port-site metastasis after laparoscopic radical nephrectomy for renal cell carcinoma: Report of 2 cases and review of the literature,"Nguyen Huy Hoang, Do Truong  Thanh, Hoang Long, Le Van  Hung","Đã xuất bản:
                        2022-06-11",Tập 154 Số 6 (2022): Tập 154 số 6 E10
143,22. Đánh giá hiệu quả giảm đau của hỗn hợp sufentanil và midazolam sau phẫu thuật lớn vùng hàm mặt,"Phạm Quốc Khánh, Nguyễn Quang Bình, Vũ Doãn Tú","Đã xuất bản:
                        2022-06-15",Tập 155 Số 7 (2022)
144,"25. Phẫu thuật nội soi toàn bộ cắt khối tá tuỵ, nhân trường hợp đầu tiên thực hiện tại Bệnh viện Bạch Mai, nhìn lại y văn về chỉ định và kết quả điều trị","Nguyễn Hàm Hội, Nguyễn Thành Khiêm, Đặng Kim Khuê, Lê Văn Duy, Trịnh Hồng Sơn, Nguyễn Đăng Vững","Đã xuất bản:
                        2022-06-15",Tập 155 Số 7 (2022)
145,9. Mối liên quan giữa một số hội chứng lão khoa và ngã trên bệnh nhân cao tuổi có loãng xương,"Nguyễn Trung Anh,  Nguyễn Xuân Thanh, Nguyễn Ngọc Tâm, Vũ Thị Thanh Huyền","Đã xuất bản:
                        2022-06-15",Tập 155 Số 7 (2022)
146,30. Phổi biệt lập: Tổng quan tài liệu và báo cáo 10 ca bệnh điều trị tại Bệnh viện Phổi Trung ương,Cung Văn Công,"Đã xuất bản:
                        2022-06-15",Tập 155 Số 7 (2022)
147,"22. Quality of life among the elderly with dementia in Hai Duong, Vietnam","Vu Thu Huong, Nguyen Trung Anh, Nguyen Trong Hung","Đã xuất bản:
                        2022-06-11",Tập 154 Số 6 (2022): Tập 154 số 6 E10
148,15. Kết quả bước đầu sử dụng vạt cơ thang tạo hình tổn khuyết do ung thư vùng đầu cổ lưng,"Nguyễn Đắc Nguyên, Dương Mạnh Chiến","Đã xuất bản:
                        2022-06-15",Tập 155 Số 7 (2022)
149,26. Virus Varicella zoster tái hoạt động liên quan đến tiêm vắc xin COVID-19 BNT162B2 mRNA: Báo cáo ca bệnh,"Đỗ Thị Đài Trang, Nguyễn Thị Linh","Đã xuất bản:
                        2022-06-15",Tập 155 Số 7 (2022)
150,16. Tác dụng của điện châm kết hợp tập vận động và đeo đai trên bệnh nhân bán trật khớp vai sau nhồi máu não,"Nguyễn Thị Thanh Tú, Nguyễn Thanh Thủy","Đã xuất bản:
                        2022-06-15",Tập 155 Số 7 (2022)
151,21. Đánh giá hiệu quả phương pháp an thần theo nồng độ đích TCI bằng propofol kết hợp gây tê bằng lidocaine 2% trong phẫu thuật lấy nẹp vít xương vùng hàm mặt,"Nguyễn Quang Bình, Vũ Doãn Tú, Phạm Quốc Khánh","Đã xuất bản:
                        2022-06-15",Tập 155 Số 7 (2022)
152,5. Prevalence and its associated factors of extracranial carotid stenosis in patients with transient ischemic or ischemic stroke in Bach Mai Hospital,"Bui Nguyen Tung, Mai Duy Ton, Pham Manh Hung","Đã xuất bản:
                        2022-06-11",Tập 154 Số 6 (2022): Tập 154 số 6 E10
153,6. Medications adherence in patients with osteoporosis after vertebroplasty or kyphoplasty at Hanoi Medical University Hospital,"Nguyen Thi Thu Huyen, Dinh Manh Hai","Đã xuất bản:
                        2022-06-11",Tập 154 Số 6 (2022): Tập 154 số 6 E10
154,17. Đánh giá đáp ứng sau 3 tháng xạ trị lập thể định vị thân ở bệnh nhân ung thư phổi không tế bào nhỏ giai đoạn sớm theo tiêu chuẩn RECIST và PERCIST,"Phạm Văn Luận, Nguyễn Đình Tiến, Lê Ngọc Hà","Đã xuất bản:
                        2022-06-15",Tập 155 Số 7 (2022)
155,2. Stability and safety study of liquid-suspension bacillus clausii spore probiotics (livespo clausy),"Tran Thi My, Le Phuong Dung, Nguyen Thi Lien, Nguyen Thi Van Anh,  Nguyen Hoa Anh","Đã xuất bản:
                        2022-06-11",Tập 154 Số 6 (2022): Tập 154 số 6 E10
156,8. Investigation of depressive symptoms among male patients with erectile dysfunction,"Nguyen Hoai Bac, Nguyen Van Tuan","Đã xuất bản:
                        2022-06-11",Tập 154 Số 6 (2022): Tập 154 số 6 E10
157,13. A case report of the first hereditary transthyretin cardiac amyloidosis diagnosed in Vietnam,"Duong Thu Anh, Nguyen Thi Ngoc Lan, Le Manh Ha","Đã xuất bản:
                        2022-06-11",Tập 154 Số 6 (2022): Tập 154 số 6 E10
158,1. Safety evaluation of mulberry powder: Assessment of subchronic toxicity in rats,"Pham Thi Van Anh, Vu Viet Hang, Dao Thi Ngoan, Ta Minh Nguyet, Dinh Thi Thu  Hang","Đã xuất bản:
                        2022-06-11",Tập 154 Số 6 (2022): Tập 154 số 6 E10
159,11. Subcutaneous immunoglobulin therapy shortens corticosteroid use in children with dermatomyositis: A case report,"Luong Thi Lien, Mai Thanh Cong, Nguyen Ngoc Quynh Le, Le Huyen Trang, Hoang Ngoc Thach, Phan Van Nha, Nguyen Thi Dieu Thuy","Đã xuất bản:
                        2022-06-13",Tập 154 Số 6 (2022): Tập 154 số 6 E10
160,29. Nốt đơn độc dạng kính mờ ác tính phổi - Tổng quan tài liệu và báo cáo ca bệnh,Cung Văn Công,"Đã xuất bản:
                        2022-06-16",Tập 155 Số 7 (2022)
161,3. Clinical and subclinical features of 612 cases of hematospermia at hanoi medical university hospital,"Nguyen Hoai Bac, Pham Minh Quan","Đã xuất bản:
                        2022-06-11",Tập 154 Số 6 (2022): Tập 154 số 6 E10
162,14. Patterns of zoonotic diseases and associated socio-economic factors in tanzania: A scoping review,"Yuster Lucas  Masanja, Hoang Thi Hai Van","Đã xuất bản:
                        2022-06-11",Tập 154 Số 6 (2022): Tập 154 số 6 E10
163,9. Treatment outcomes of Pediatric Lupus Nephritis Class III and IV in National Children’s Hospital,"Luong Thi Phuong, Nguyen Thi Dieu Thuy, Nguyen Thi Ngoc, Nguyen Ngoc Huy, Truong Manh Tu, Nguyen Thu Huong","Đã xuất bản:
                        2022-06-11",Tập 154 Số 6 (2022): Tập 154 số 6 E10
164,19. Androgenic properties of “Dong Trung Ha Thao Sapa” hard capsules on experimental animals,"Pham Thi Van Anh, Vu Viet  Hang, Dau Thuy Duongg, Trinh Vinh Quang, Le Quan, Nguyen Huy Van, Nguyen Thi Vinh Hue, Do Tien Sy, Nguyen Phu Tri, Nguyen Thi Van Anh, Dang Thi Phuong Hao, Nguyen Thu Minh, Do Dieu Linh","Đã xuất bản:
                        2022-06-11",Tập 154 Số 6 (2022): Tập 154 số 6 E10
165,8. Kết quả điều trị dị dạng động tĩnh mạch da đầu trong 10 năm tại Bệnh viện Việt Đức,"Đỗ Thị Ngọc Linh, Trần Thiết Sơn, Nguyễn Hồng Hà","Đã xuất bản:
                        2022-06-01",Tập 153 Số 5 (2022)
166,26. Áp xe nang niệu rốn do tụ cầu vàng ở trẻ em: Báo cáo ca bệnh,"Đào Thúy Quỳnh, Chu Thị Thanh Hoa, Trương Văn Quý","Đã xuất bản:
                        2022-06-01",Tập 153 Số 5 (2022)
167,18. Tình trạng dinh dưỡng và một số yếu tố liên quan ở người bệnh ung thư đầu cổ điều trị xạ trị tại Bệnh viện Ung bướu Hà Nội năm 2021,"Nguyễn Thị Loan, Nguyễn Quang Dũng, Bùi Vinh Quang, Trần Châu Quyên, Bùi Thị Kim Huế, Trần Thị Năm","Đã xuất bản:
                        2022-06-01",Tập 153 Số 5 (2022)
168,10. Kết quả điều trị các triệu chứng kích thích thần kinh thực vật ở người bệnh rối loạn lo âu lan toả bằng liệu pháp thư giãn - luyện tập,"Trần Nguyễn Ngọc, Dương Minh Tâm","Đã xuất bản:
                        2022-06-01",Tập 153 Số 5 (2022)
169,20. Kết quả phẫu thuật nạo u và ghép xương điều trị u tế bào khổng lồ xương,"Dương Đình Toàn, Nguyễn Trọng Tài, Đoàn Lê Vinh","Đã xuất bản:
                        2022-06-01",Tập 153 Số 5 (2022)
170,6. Đặc điểm lâm sàng rối loạn trầm cảm ở người bệnh suy tim điều trị tại Viện Tim mạch Quốc gia - Bệnh viện Bạch Mai,"Trần Nguyễn Ngọc, Dương Minh Tâm","Đã xuất bản:
                        2022-06-01",Tập 153 Số 5 (2022)
171,5. Đặc điểm lâm sàng và nguyên nhân gây nhiễm trùng qua đường tình dục (sti) ở nam giới tại Vệnh viện Đại học Y Hà Nội,"Nguyễn Hoài Bắc, Trần Văn Kiên, Cao Thắng Nguyễn","Đã xuất bản:
                        2022-06-01",Tập 153 Số 5 (2022)
172,4. Ứng dụng năng lượng sóng có tần số radio điều trị hội chứng Wolff - Parkinson - White tại Bệnh viện Đa khoa tỉnh Thanh Hóa,"Lê Văn Cường, Dương Quang Hiệp","Đã xuất bản:
                        2022-06-01",Tập 153 Số 5 (2022)
173,11. Nghiên cứu các chỉ số nhân trắc tuyến vú phụ nữ và một số yếu tố liên quan,"Lê Hồng Quang, Nguyễn Công Huy","Đã xuất bản:
                        2022-06-01",Tập 153 Số 5 (2022)
174,14. So sánh phương pháp lấy huyết khối trực tiếp với điều trị bắc cầu cho đột quỵ tắc động mạch lớn tuần hoàn trước,"Nguyễn Hữu An, Vũ Đăng Lưu, Mai Duy Tôn","Đã xuất bản:
                        2022-06-01",Tập 153 Số 5 (2022)
175,13. Đặc điểm mô học của tinh hoàn ở những nam giới hiếm muộn không có tinh trùng tại Bệnh viện Đại học Y Hà Nội,"Nguyễn Hoài Bắc, Hạ Hồng Cường, Cao Thắng Nguyễn","Đã xuất bản:
                        2022-06-01",Tập 153 Số 5 (2022)
176,"25. U lympho tế bào NK/T ngoài hạch, típ mũi phát hiện sau phẫu thuật nâng mũi: Báo cáo 1 case lâm sàng hiếm gặp","Phạm Thị Việt Dung, Phan Văn Tân","Đã xuất bản:
                        2022-06-01",Tập 153 Số 5 (2022)
177,"15. Depression, axiety and associated factors among young people during the second wave of Covid-19 in vietnam","Pham Phuong Mai, Tran Nhu Hai, Trinh Dinh Minh Viet, Hoang Thi Hai Van","Đã xuất bản:
                        2022-06-11",Tập 154 Số 6 (2022): Tập 154 số 6 E10
178,16. Primary diffuse large b-cell lymphoma presenting as a chest wall mass: A case report,"Trinh Le Huy, Pham Duy Manh","Đã xuất bản:
                        2022-06-11",Tập 154 Số 6 (2022): Tập 154 số 6 E10
179,7. First CD3/CD45RA depleted haploidentical transplant for severe combined immunodeficiency disease with Rotavirus gastroenteritis in Vietnam,"Nguyen Thanh Binh, Dang Anh Duong, Bui Ngoc Lan, Nguyen Thi Van Anh, Tran Quynh Huong, Le Thi Minh Huong, Cao Viet  Tung, Tran Minh Dien, Nguyen Ngoc Quynh Le","Đã xuất bản:
                        2022-06-11",Tập 154 Số 6 (2022): Tập 154 số 6 E10
180,21. The effectiveness of guided tissue regeneration treartment for furcation defect in mandible molars,"Nguyen Thi Hong Minh, Ho Thi Quynh Minh","Đã xuất bản:
                        2022-06-11",Tập 154 Số 6 (2022): Tập 154 số 6 E10
181,1. Xác định đột biến gen GBA trên bệnh nhân Parkinson,"Nguyễn Thị Kiều Oanh, Phạm Lê Anh Tuấn, Nguyễn Hoàng Việt, Trần Huy Thịnh, Trần Vân Khánh","Đã xuất bản:
                        2022-06-01",Tập 153 Số 5 (2022)
182,"24. Thực trạng mắc tiêu chảy của trẻ từ 6 - 24 tháng tuổi tại xã Minh Khai, huyện Hoài Đức, Hà Nội và một số yếu tố liên quan","Phạm Văn Hùng, Đoàn Hữu Thiển, Trần Hồng Trâm","Đã xuất bản:
                        2022-06-01",Tập 153 Số 5 (2022)
183,16. Rối loạn thăng bằng và một số yếu tố liên quan ở người bệnh cao tuổi tại Bệnh viện Lão khoa Trung ương,"Nguyễn Trung Anh, Nguyễn Thị Thu Hương, Nguyễn Ngọc Tâm, Vũ Thị Thanh Huyền","Đã xuất bản:
                        2022-06-01",Tập 153 Số 5 (2022)
184,22. Phân tích gộp so sánh kết quả của lấy huyết khối cơ học đơn thuần với tiêu huyết khối phối hợp lấy huyết khối cơ học điều trị đột quỵ não do tắc mạch lớn,"Nguyễn Hữu An, Vũ Đăng Lưu, Mai Duy Tôn, Phạm Minh Thông","Đã xuất bản:
                        2022-06-01",Tập 153 Số 5 (2022)
185,19. Nhu cầu tư vấn dinh dưỡng của người bệnh rung nhĩ điều trị ngoại trú thuốc chống đông kháng vitamin K tại Bệnh viện Trung ương Quân đội 108 năm 2021,"Khổng Kim Chung, Đặng Việt Đức, Nguyễn Bá Tâm, Nguyễn Thanh Chò, Phạm Ngọc Châu, Nguyễn Thị Thanh Luyến","Đã xuất bản:
                        2022-06-01",Tập 153 Số 5 (2022)
186,7. Phẫu thuật điều trị bệnh lý tim bẩm sinh ở người lớn,Vũ Ngọc Tú,"Đã xuất bản:
                        2022-06-01",Tập 153 Số 5 (2022)
187,23. Đánh giá kết quả tạo hình khuyết phần mềm bàn tay bằng vạt đùi trước ngoài mỏng tự do,"Nguyễn Vũ Hoàng, Trần Thiết Sơn","Đã xuất bản:
                        2022-06-01",Tập 153 Số 5 (2022)
188,4. Results of mechanical thrombectomy in acuted ischemic stroke patients due to large vessel occlusionsat Bach Mai Hospital: Sharing experiences from 227 cases,"Nguyen Quang Anh, Vu Dang  Luu, Tran Anh Tuan, Le Hoang Kien, Nguyen Thi Thu Trang, Nguyen Tat Thien, Nguyen Huu An, Tran Cuong, Bui Thi Phuong  Thao, Le Hoang Khoe, Pham Minh Thong","Đã xuất bản:
                        2022-06-13",Tập 154 Số 6 (2022): Tập 154 số 6 E10
189,29. Lao phổi đồng mắc ung thư phổi - Tổng quan tài liệu và nhân một trường hợp,Cung Văn Công,"Đã xuất bản:
                        2022-06-01",Tập 153 Số 5 (2022)
190,15. Bước đầu đánh giá hiệu quả sử dụng tin nhắn điện thoại trong hỗ trợ tuân thủ và cải thiện hiệu quả điều trị ở bệnh nhân bệnh phổi tắc nghẽn mạn tính,"Nguyễn Trung Anh, Nguyễn Ngọc Tâm, Tạ Hữu Ánh, Vũ Thị Thanh Huyền","Đã xuất bản:
                        2022-06-01",Tập 153 Số 5 (2022)
191,28. Viêm phổi hoại tử ở một trẻ sơ sinh: biến chứng hiếm gặp của một bệnh lý thường gặp,"Nguyễn Trọng Phước, Nguyễn Thị Quỳnh Nga","Đã xuất bản:
                        2022-06-01",Tập 153 Số 5 (2022)
192,12. Mối liên quan giữa nồng độ PM2.5 và số ca nhập viện do rối loạn tâm thần và hành vi tại Bệnh viện Tâm Thần thành phố Hồ Chí Minh giai đoạn 2017 - 2020,"Nguyễn Thị Tường Vy, Trương Thị Thuỳ Dung, Đỗ Thị Hoài Thương, Nguyễn Ngọc Nhật Thanh, Đinh Thị Giang, Đặng Anh Tuấn, Trần Ngọc Đăng","Đã xuất bản:
                        2022-06-01",Tập 153 Số 5 (2022)
193,17. Kết quả phẫu thuật nội soi nối thông kết mạc hồ lệ - mũi phối hợp đặt ống Stoplosstm  Jones,"Ngô Văn Thắng, Hà Huy Thiên Thanh, Nguyễn Quốc Anh, Nguyễn Văn Mạnh, Ngô Ngọc Bách","Đã xuất bản:
                        2022-06-01",Tập 153 Số 5 (2022)
194,2. Đặc điểm tiêu chân răng các răng hàm sữa trên phim panorama ở bệnh nhân 5 - 8 tuổi,"Võ Thị Thuý Hồng, Lê Thanh Thuý, Võ Trương Như Ngọc","Đã xuất bản:
                        2022-06-01",Tập 153 Số 5 (2022)
195,9. Thực trạng rối loạn chức năng tình dục và một số yếu tố liên quan ở phụ nữ mang thai đến khám thai tại Bệnh viện Phụ sản Trung ương,"Phan Chí Thành, Trần Danh Cường, Ngô Văn Toàn, Trần Kim Thanh","Đã xuất bản:
                        2022-06-01",Tập 153 Số 5 (2022)
196,27. Phẫu thuật tái tạo đồng thời hai dây chằng bên khớp khuỷu điều trị trật khớp khuỷu mạn tính: Báo cáo một trường hợp và nhìn lại y văn,"Hoàng Minh Thắng, Đỗ Văn Minh, Đào Xuân Thành","Đã xuất bản:
                        2022-06-01",Tập 153 Số 5 (2022)
197,"20. Clinical features, microbiology, and vancomycin regimens in sepsis patients: A retrospective study conducted at a single infectious diseases center","Tran Thu Huong, Tran Hieu Hoc, Ngo Chi Cuong, Tran Que Son","Đã xuất bản:
                        2022-06-11",Tập 154 Số 6 (2022): Tập 154 số 6 E10
198,3. Lâm sàng rối loạn loạn thần cấp đa dạng không có triệu chứng của tâm thần phân liệt,"Dương Minh Tâm, Trần Nguyễn Ngọc","Đã xuất bản:
                        2022-06-01",Tập 153 Số 5 (2022)
199,"21. Nghiên cứu biến đổi hình thái, chức năng thất phải bằng siêu âm tim ở bệnh nhân Lupus ban đỏ hệ thống, xơ cứng bì có tăng áp động mạch phổi","Trần Thị Linh Tú, Trương Thanh Hương","Đã xuất bản:
                        2022-06-01",Tập 153 Số 5 (2022)
200,30. U xơ đơn độc dạng mỡ ác tính ở phổi - tổng quan tài liệu và báo cáo ca bệnh,Cung Văn Công,"Đã xuất bản:
                        2022-06-01",Tập 153 Số 5 (2022)
201,"So sánh một số đặc điểm lâm sàng, cận lâm sàng của hội chứng Stevens - Johnson và hoại tử thượng bì nhiễm độc","Trần Thị Huyền, Vũ Huy Lượng","Đã xuất bản:
                        2022-04-30",Tập 152 Số 4 (2022)
202,Chuẩn hóa bộ câu hỏi iief - 5 tiếng việt và ứng dụng trong chẩn đoán rối loạn cương dương,"Nguyễn Hoài bắc, Nguyễn Cao Thắng","Đã xuất bản:
                        2022-04-30",Tập 152 Số 4 (2022)
203,Một số yếu tố liên quan đến tiêu viêm chân răng hàm sữa ở bệnh nhân 5 - 8 tuổi,"Võ Thị Thúy Hồng, Lê Thanh Thúy, Võ Trương Như Ngọc","Đã xuất bản:
                        2022-04-30",Tập 152 Số 4 (2022)
204,Mô hình bệnh tật và tình hình điều trị tại khoa ngoại Bệnh viện Đa khoa Y học cổ truyền Hà Nội năm 2017 – 2018,"Nguyễn Thị Thanh Tú, Đặng Trúc Quỳnh","Đã xuất bản:
                        2022-04-28",Tập 152 Số 4 (2022)
205,Tuân thủ điều trị bệnh tâm thần phân liệt tại huyện Ứng Hòa - Hà Nội và các yếu tố liên quan,"Lý Thị Kim Chi, Nguyễn Văn Tuấn","Đã xuất bản:
                        2022-04-28",Tập 152 Số 4 (2022)
206,"Thực trạng nhiễm khuẩn bệnh viện và một số yếu tố liên quan tại Bệnh viện Đa khoa Hà Đông, năm 2020","Nguyễn Xuân Thiêm, Tống Thị Thảo, Nguyễn Hữu Thắng","Đã xuất bản:
                        2022-04-30",Tập 152 Số 4 (2022)
207,"Thực trạng trầm cảm, lo âu, stress và một số yếu tố liên quan ở nhóm có sử dụng ma túy tại Hà Nội năm 2020","Trần Thu Hằng, Văn Đình Hoà","Đã xuất bản:
                        2022-04-30",Tập 152 Số 4 (2022)
208,Mối liên quan tiêu viêm chân răng hàm sữa và sâu răng ở trẻ 5 - 8 tuổi,"Võ Thị Thúy Hồng, Lê Thanh Thủy, Võ Trương Như Ngọc","Đã xuất bản:
                        2022-04-30",Tập 152 Số 4 (2022)
209,Thay đổi răng - xương ổ răng sau điều trị khớp cắn loại II tiểu loại I có nhổ răng,"Võ Thị Thúy Hồng, Đỗ Lê Phương Thảo, Nguyễn Thị Thu  Phương","Đã xuất bản:
                        2022-04-28",Tập 152 Số 4 (2022)
210,Đặc điểm bộc lộ PD-L1 trong ung thư biểu mô tuyến dạ dày,"Nguyễn Thị Vân Anh, Dương Hoàng Hảo","Đã xuất bản:
                        2022-06-01",Tập 152 Số 4 (2022)
211,Các tuýp huyết thanh của Enterovirus  gây bệnh Tay chân miệng tại Bệnh viện Nhi Trung ương NĂM 2018 – 2019,"Nguyễn Văn Lâm, Nguyễn Phương Hạnh","Đã xuất bản:
                        2022-04-30",Tập 152 Số 4 (2022)
212,Ca lâm sàng u cận giáp lạc chỗ kèm tăng sản một tuyến cận giáp,"Lưu Thị Thảo, Nguyễn Quang Bảy, Đặng Thị Hoa","Đã xuất bản:
                        2022-04-28",Tập 152 Số 4 (2022)
213,Mất thị lực do tụ máu ổ mắt sau phẫu thuật tạo hình  mí  đôi trên bệnh nhân rối loạn đông máu: báo cáo một ca lâm sàng,"Phạm Thị Việt Dung, Lưu Phương Lan","Đã xuất bản:
                        2022-04-28",Tập 152 Số 4 (2022)
214,Nhồi máu cơ tim cấp ở trẻ vị thành niên: Báo cáo ca bệnh,"Nguyễn Sinh Hiền, Đặng Thị Hải Vân, Nguyễn Thị Hải Anh, Lê Trọng Tú","Đã xuất bản:
                        2022-04-28",Tập 152 Số 4 (2022)
215,Tình trạng tăng acid uric máu và  một số yếu tố liên quan tại Bệnh viện Đại học Y Hà Nội,"Kiều Hồng Nhung, Hồ Thị Kim Thanh, Nghiêm Nguyệt Thu","Đã xuất bản:
                        2022-06-01",Tập 152 Số 4 (2022)
216,"Đặc điểm lâm sàng, cận lâm sàng của thai phụ nhiễm hbv đẻ tại Bệnh viện Trung ương Thái Nguyên","Hoàng Thị Ngọc Trâm, Hồ Cẩm Tú, Trương Văn Vũ, Bùi Thị Thu Hương, Nguyễn Tiến Dũng, Nguyễn Thị Mơ, Nguyễn Đức Hinh","Đã xuất bản:
                        2022-04-30",Tập 152 Số 4 (2022)
217,Đặc điểm lâm sàng và yếu tố nguy cơ viêm não thất ở bệnh nhân chảy máu não thất được đặt dẫn lưu não thất,"Khuất Hồng Nhung, Lương Quốc Chinh","Đã xuất bản:
                        2022-04-30",Tập 152 Số 4 (2022)
218,Lựa chọn bó mạch nhận trong tạo hình vú tức thì sau cắt bỏ tuyến vú do ung thư bằng vạt nhánh xuyên động mạch thượng vị sâu dưới,"Phạm Thị Việt Dung, Phan Tuấn  Nghĩa","Đã xuất bản:
                        2022-04-28",Tập 152 Số 4 (2022)
219,Lâm sàng rối loạn sự thích ứng với phản ứng trầm cảm ở người bệnh điều trị nội trú,"Nguyễn Thị Hoàng Yến, Võ Đình Vinh, Trần Nguyễn Ngọc11 s:48:""Bộ môn Tâm thần - Đại học Y Hà Nội"";","Đã xuất bản:
                        2022-04-30",Tập 152 Số 4 (2022)
220,Yếu tố liên quan đến stress của sinh viên điều dưỡng,"Nguyễn Văn Tuấn, Nguyễn Bích Ngọc","Đã xuất bản:
                        2022-04-30",Tập 152 Số 4 (2022)
221,Đặc điểm lâm sàng trầm cảm ở nhóm nam quan hệ tình dục đồng giới tại Hà Nội,"Phạm Thành Luân, Nguyễn Văn Tuấn, Nguyễn Văn Tuấn","Đã xuất bản:
                        2022-04-30",Tập 152 Số 4 (2022)
222,Một số chỉ số cận lâm sàng của bệnh nhân u hạt mạn tính tại Bệnh viện Nhi Trung ương,"Nguyễn Thanh Bình1, Trần Thị Thúy Hạnh1 s:24:""Đại học Y Hà Nội"";","Đã xuất bản:
                        2022-04-30",Tập 152 Số 4 (2022)
223,"Nhận xét đặc điểm lâm sàng, mô bệnh học và tìm hiểu một số yếu tố ảnh hưởng đến kết quả sống thêm sau mổ ung thư hắc tố da","Vũ Thanh Phương, Nguyễn Văn Chủ, Nguyễn Đại Bình","Đã xuất bản:
                        2022-04-30",Tập 152 Số 4 (2022)
224,"Lâm sàng, cận lâm sàng và mối liên quan của các tổn thương mạch máu ở bệnh nhân xơ cứng bì hệ thống","Trịnh Ngọc Phát, Vũ Huy Lượng, Vũ Nguyệt Minh, Lê Huyền My, Hoàng Thị Phượng, Nguyễn Thị Hà Vinh, Lê Hữu Doanh","Đã xuất bản:
                        2022-04-30",Tập 152 Số 4 (2022)
225,"Sự hài lòng của sinh viên năm thứ nhất, Trường Đại học Y Hà Nội trong khám sức khỏe răng miệng năm 2021","Võ Trương Như Ngọc, Trần Tiến Thành, Giáp Thị Thu Thảo, Ngô Thị Bảo Yến, Phùng Lâm Tới, Khúc Thị Hồng Hạnh, Hoàng Bảo Duy, Đỗ Hoàng Việt","Đã xuất bản:
                        2022-03-01",Tập 151 Số 3 (2022)
226,Lao phổi chẩn đoán muộn gây biến chứng xẹp toàn bộ phổi trái do chít hẹp đường thở: Báo cáo ca bệnh,"Đào Thúy Quynh, Nguyễn Thị Hằng, Trương Văn Quý","Đã xuất bản:
                        2022-04-30",Tập 152 Số 4 (2022)
227,Xác định đột biến trên một số exon của gen SCN5A ở bệnh nhân mắc hội chứng Brugada,"Nguyễn Văn Thảnh, Đặng Duy Phương, Lê Thị Phương, Bạch Thị Như Quỳnh, Trần Huy Thịnh, Trần Vân Khánh","Đã xuất bản:
                        2022-03-01",Tập 151 Số 3 (2022)
228,Chất lượng cuộc sống ở người bệnh Covid - 19 xuất viện tại Bệnh viện Phạm Ngọc Thạch,"Nguyễn Thiện Minh, Đỗ Thị Lan Anh, Nguyễn Thị Trường Xuân, Lý Tiểu Long, Đặng Thị Thiện Ngân, Nguyễn Thị Hoàng Huệ, Nguyễn Thị Bạch Ngọc, Huỳnh Thị Kim Tuyền, Sẩm Hà Như Vũ, Lê Phước Hùng, Phạm Thị Kim Yến","Đã xuất bản:
                        2022-04-30",Tập 152 Số 4 (2022)
229,Cải thiện tình trạng kháng insulin thông qua bổ sung dung dịch giàu carbohydrate trước phẫu thuật cho bệnh nhân thông liên thất tại Bệnh viện Nhi Trung ương,"Nguyễn Thị Thúy Hồng, Lường Hữu Bảy, Cao Việt Tùng, Lưu Thị Mỹ Thục","Đã xuất bản:
                        2022-03-01",Tập 151 Số 3 (2022)
230,Phẫu thuật lại trên bệnh nhân đặt stent graft động mạch chủ bụng: báo cáo 2 ca lâm sàng,"Đoàn Quốc Hưng, Nguyễn Duy Thắng, Vũ Ngọc Tú, Nguyễn Duy Gia","Đã xuất bản:
                        2022-03-01",Tập 151 Số 3 (2022)
231,Đa hình đơn rs2596542 và mức độ biểu hiện của MICA/B trong ung thư vòm họng,"Vũ Hải Linh, Nguyễn Tấn Đông, Nguyễn Hoàng Việt, Nguyễn Minh Ngọc, Trần Ngọc Minh, Nguyễn Kim Đồng, Trần Vân Khánh, Tạ Thành Đạt, Nguyễn Quý Linh","Đã xuất bản:
                        2022-03-01",Tập 151 Số 3 (2022)
232,Mô tả đặc điểm và đánh giá kết quả thay khớp háng bán phần chuôi dài không xi măng ở bệnh nhân cao tuổi gãy liên mấu chuyển xương đùi tại Bệnh viện Việt Đức,"Vũ Trường Thịnh, Trần Minh Long Triều, Dương Ngọc Lê Mai, Nguyễn Xuân Thuỳ, Nguyễn Văn Thoan","Đã xuất bản:
                        2022-03-01",Tập 151 Số 3 (2022)
233,Sự hài lòng với công việc của nhân viên y tế tại các bệnh viện tư nhân ở Việt Nam năm 2018,"Hoàng Thị Hải Vân, Trần Quỳnh Anh, Nguyễn Thị Hoàng Hà, Phạm Thu Vân, Phạm Phương Mai, Nguyễn Thị Thu Hường, Lê Vũ Thuý Hương, Nguyễn Thị Ly, Dương Huy Lương","Đã xuất bản:
                        2022-03-01",Tập 151 Số 3 (2022)
234,Đánh giá kết quả điều trị u nguyên bào võng mạc bằng truyền hóa chất động mạch mắt,"Nguyễn Thái Hoàng, Vũ Đăng Lưu, Nguyễn Quang Anh, Nguyễn Hữu An, Nguyễn Tất Thiện, Nguyễn Thị Thu Trang, Phạm Thị Minh Châu, Nguyễn Thành Nam, Lê Thị Lan Anh","Đã xuất bản:
                        2022-06-13",Tập 152 Số 4 (2022)
235,Dinh dưỡng sớm đường tiêu hoá cải thiện tình trạng dinh dưỡng ở trẻ rò dưỡng chấp nặng kéo dài: Báo cáo ca bệnh,"Lưu Thị Mỹ Thục, Cao Việt Tung, Vũ Mạnh Hoàn , Lê Đình Công, Phạm Anh Thơ, Doãn Ngọc Ánh, Nguyễn Thị Thúy Hồng","Đã xuất bản:
                        2022-06-13",Tập 152 Số 4 (2022)
236,Phân tích thời gian tiềm vận động và cảm giác của dây thần kinh giữa trong chẩn đoán hội chứng ống cổ tay,"Nguyễn Văn Tuận, Phan Hồng Ngọc","Đã xuất bản:
                        2022-06-13",Tập 152 Số 4 (2022)
237,Kết quả cấp cứu ngừng tuần hoàn ở trẻ em tại Bệnh viện Nhi Trung ương giai đoạn 2018 - 2019,"Ngô Anh Vinh, Phạm Ngọc Toàn, Lại Thùy Thanh","Đã xuất bản:
                        2022-06-02",Tập 152 Số 4 (2022)
238,Tỷ lệ viêm phúc mạc trên trẻ thẩm phân phúc mạc tại Bệnh viện Nhi Trung ương,"Lương Thị Phượng, Tống Ngọc Huy, Nguyễn Ngọc Huy, Đào Trường Giang, Nguyễn Thu Hương","Đã xuất bản:
                        2022-06-13",Tập 152 Số 4 (2022)
239,Kết quả chăm sóc người bệnh rối loạn lo âu lan toả và một số yếu tố liên quan,"Vương Thị Được, Nguyễn Thị Tuyến, Dương Minh Tâm","Đã xuất bản:
                        2022-03-01",Tập 151 Số 3 (2022)
240,Nghiên cứu tác dụng của dung dịch điện giải ion kiềm ECO G9 lên chỉ số lipid máu và acid uric máu trên mô hình động vật thực nghiệm,"Trần Thanh Tùng, Trần Văn Tín, Vũ Ngọc Hảo, Đặng Thị Thu Hiên","Đã xuất bản:
                        2022-03-01",Tập 151 Số 3 (2022)
241,Viêm gan tự miễn khởi phát sau nhiễm Epstein-Barr virus: Báo cáo ca bệnh,"Đỗ Thị Đài Trang, Đỗ Thị Thúy Nga","Đã xuất bản:
                        2022-03-01",Tập 151 Số 3 (2022)
242,Tác dụng chống đông của viên hoàn Trân châu ngưu hoàng hoàn trên thực nghiệm,"Trần Thái Hà, Đào Xuân Tỉnh, Phạm Thị Vân Anh, Nguyễn Thị Thanh Loan","Đã xuất bản:
                        2022-03-01",Tập 151 Số 3 (2022)
243,Hiệu quả điều trị của phác đồ Antithymocyte globulin kết hợp Cyclosporin A trên bệnh nhi suy tủy xương,Nguyễn Thị Hương Mai,"Đã xuất bản:
                        2022-03-01",Tập 151 Số 3 (2022)
244,So sánh thể tích tuyến vú đo bằng hai phương pháp tại bệnh viện K,"Lê Hồng Quang, Nguyễn Công Huy","Đã xuất bản:
                        2022-03-01",Tập 151 Số 3 (2022)
245,Phẫu thuật bảo tồn vật liệu độn mông sau nhiễm trùng khoang đặt túi: báo cáo 1 ca lâm sàng,"Phạm Thị Việt Dung, Phạm Kiến Nhật","Đã xuất bản:
                        2022-03-01",Tập 151 Số 3 (2022)
246,Một số yếu tố liên quan đến thực trạng sâu răng của sinh viên năm thứ nhất Trường Đại học Y Hà Nội năm học 2020 - 2021,"Trịnh Minh Báu, Hồng Thúy Hạnh, Nguyễn Thị Khánh Huyền, Đỗ Sơn Tùng, Phùng Lâm Tới, Khúc Thị Hồng Hạnh, Hoàng Bảo Duy","Đã xuất bản:
                        2022-03-01",Tập 151 Số 3 (2022)
247,"Đặc điểm dịch tễ, lâm sàng của bệnh nhân nhiễm Rickettsia tại một số bệnh viện khu vực đồng bằng sông Cửu Long từ tháng 5/2018 đến tháng 10/2019","Hoàng Thị Hậu, Nguyễn Vũ Trung, Lê Thị Hội","Đã xuất bản:
                        2022-03-01",Tập 151 Số 3 (2022)
248,Xác định đột biến gen LRRK2 ở bệnh nhân Parkinson,"Nguyễn Thị Nữ, Phạm Lê Anh Tuấn, Trần Vân Khánh, Trần Huy Thịnh","Đã xuất bản:
                        2022-03-01",Tập 151 Số 3 (2022)
249,Kết quả sống thêm 10 năm ở bệnh nhân ung thư vú dưới 35 tuổi tại Bệnh viện K,"Phùng Thị Huyền, Nguyễn Thị Huyền","Đã xuất bản:
                        2022-03-01",Tập 151 Số 3 (2022)
250,Kết quả điều trị nang ruột đôi bằng phẫu thuật nội soi tại khoa ngoại Bệnh viên Nhi Trung ương giai đoạn 2010 - 2020,"Đinh Anh Đức, Phạm Duy Hiền","Đã xuất bản:
                        2022-03-01",Tập 151 Số 3 (2022)
251,Diễn biến quá kích buồng trứng trên các bệnh nhân trưởng thành noãn bằng GnRH đồng vận,"Phạm Thị Thùy Dương, Hồ Sỹ Hùng","Đã xuất bản:
                        2022-03-01",Tập 151 Số 3 (2022)
252,"Đặc điểm lâm sàng và kiểu gen HLA-B, HLA-DRB1 ở bệnh nhân nhược cơ","Phạm Kiều Anh Thơ, Lê Đình Tùng, Phạm Văn Phương, Trần Văn Đệ, Nguyễn Thanh Bình","Đã xuất bản:
                        2022-03-01",Tập 151 Số 3 (2022)
253,Hội chứng sốc Kawasaki: báo cáo ca bệnh,"Đỗ Thị Đài Trang, Trần Thị Loan, Đào Hữu Nam, Đỗ Thiện Hải, Nguyễn Văn Lâm, Đỗ Thị Thúy Nga","Đã xuất bản:
                        2022-03-01",Tập 151 Số 3 (2022)
254,"Kiến thức, thái độ, thực hành và tình trạng lợi của sinh viên răng hàm mặt Trường Đại học Y Hà Nội","Đỗ Hoàng Việt, Lê Long Nghĩa, Nguyễn Bích Ngọc, Tạ Thành Đồng, Khúc Thị Hồng Hạnh, Hoàng Bảo Duy","Đã xuất bản:
                        2022-03-01",Tập 151 Số 3 (2022)
255,Phẫu thuật tổn thương mạch máu ngoại vi tại vị trí chọc mạch sau can thiệp tim mạch,"Vũ Ngọc Tú, Nguyễn Duy Thắng, Nguyễn Anh Huy, Nguyễn Duy Gia, Lê Văn Tú, Lê Anh Minh","Đã xuất bản:
                        2022-03-01",Tập 151 Số 3 (2022)
256,Kháng kháng sinh ở trẻ nhiễm khuẩn tiết niệu có bất thường đường tiểu tại Bệnh viện Nhi Trung ương,"Lương Thị Phượng, Tống Ngọc Huy, Nguyễn Ngọc Huy, Vũ Ngọc Bích, Nguyễn Thu Hương","Đã xuất bản:
                        2022-03-01",Tập 151 Số 3 (2022)
257,Tạo thư viện chứng dương cho xét nghiệm sinh học phân tử chẩn đoán bệnh Beta Thalassemia,"Bạch Thị Như Quỳnh, Nguyễn Hải Bằng, Hà Thị Thu, Nguyễn Văn Thảnh, Dương Quốc Chính","Đã xuất bản:
                        2022-03-01",Tập 151 Số 3 (2022)
258,"Thực trạng tuân thủ điều trị của người bệnh tâm thần phân liệt tại huyện Ứng Hòa, thành phố Hà Nội","Lý Thị Kim Chi, Nguyễn Văn Tuấn","Đã xuất bản:
                        2022-03-01",Tập 151 Số 3 (2022)
259,Nghiên cứu giá trị điểm cắt của NT-ProBNP huyết tương trong chẩn đoán suy tim ở trẻ em,"Ngô Anh Vinh, Phạm Hữu Hoà","Đã xuất bản:
                        2022-03-01",Tập 151 Số 3 (2022)
260,So sánh kết quả trưởng thành noãn giữa hCG trigger và dual trigger trên những trường hợp đáp ứng buồng trứng kém,"Dương Hoàng Long, Hồ Sỹ Hùng","Đã xuất bản:
                        2022-03-01",Tập 151 Số 3 (2022)
261,Đánh giá tính giá trị và độ tin cậy của thang đo hài lòng cha mẹ trẻ sinh non đối với chất lượng dịch vụ tại khoa Sơ sinh,"Nguyễn Thị Bình An, Nguyễn Thị Kim Ngân","Đã xuất bản:
                        2022-03-01",Tập 151 Số 3 (2022)
262,Xây dựng các bảng từ thử sức nghe lời Tiếng Việt cho trẻ em từ 6 đến 15 tuổi,"Phạm Tiến Dũng, Cao Minh Thành, Nguyễn Văn Lợi","Đã xuất bản:
                        2022-02-22",Tập 150 Số 2 (2022)
263,Kết quả vận động trị liệu và hoạt động trị liệu cho trẻ bại não thể co cứng dưới 6 tuổi bằng phương pháp điều trị hướng mục tiêu,"Hoàng Khánh Chi, Phạm Văn Minh","Đã xuất bản:
                        2022-02-22",Tập 150 Số 2 (2022)
264,Nghiên cứu phẫu thuật thay khớp toàn phần điều trị lao khớp háng giai đoạn IV,"Đỗ Đăng Hoàn, Đào Xuân Thành","Đã xuất bản:
                        2022-02-22",Tập 150 Số 2 (2022)
265,"Khảo sát mức độ biến đổi Nucleotide gen E6, E7 và L1 của human papillomavirus type 16 và 18 ở bệnh nhân ung thư cổ tử cung","Hoàng Xuân Sơn, Vũ Bá Quyết, Nguyễn Vũ Trung","Đã xuất bản:
                        2022-02-22",Tập 150 Số 2 (2022)
266,Một số biến chứng trong hóa - xạ trị điều biến liều bệnh ung thư vòm mũi họng giai đoạn IIB-III,"Phạm Lâm Sơn, Vũ Hồng Thăng, Bùi Vinh Quang","Đã xuất bản:
                        2022-02-22",Tập 150 Số 2 (2022)
267,Biến chứng sau tiêm làm đầy ngực polyacrylamide: báo cáo 1 ca lâm sàng,"Phạm Thị Việt Dung, Trương Thế Duy","Đã xuất bản:
                        2022-03-01",Tập 151 Số 3 (2022)
268,Tạo khối ung thư phổi không tế bào nhỏ của người trên thực nghiệm,"Nguyễn Thị Mỹ Thành, Nguyễn Văn Đô, Hồ Anh Sơn, Nguyễn Lĩnh Toàn","Đã xuất bản:
                        2022-02-22",Tập 150 Số 2 (2022)
269,Khảo sát một số tổn thương mắt ở bệnh nhân suy thận mạn tính giai đoạn cuối có chỉ định ghép thận,"Nguyễn Lê Trung, Phạm Quốc Toản, Vũ Anh Tuấn","Đã xuất bản:
                        2022-02-22",Tập 150 Số 2 (2022)
270,Chất lượng cuộc sống của bệnh nhân ung thư biểu mô tuyến giáp thể nhú và thế nang sau phẫu thuật cắt tuyến giáp,"Đậu Thị Hồng Nhung, Hồ Thị Kim Thanh","Đã xuất bản:
                        2022-03-01",Tập 151 Số 3 (2022)
271,Hiệu quả giảm đau và tác dụng không mong muốn Của phương pháp giảm đau do bệnh nhân tự điều khiển với morphine và pethidine sau phẫu thuật tim hở,"Nguyễn Thị Dung, Nguyễn Hữu Tú","Đã xuất bản:
                        2022-02-22",Tập 150 Số 2 (2022)
272,Đánh giá kết quả phẫu thuật lỗ tiểu lệch thấp thể sau bằng kỹ thuật koyanagi sử dụng thang điểm HOSE và bộ câu hỏi nhận thức dương vật trẻ em (PPPS),"Vũ Hồng Tuân, Nguyễn Việt Hoa, Đỗ Trường Thành","Đã xuất bản:
                        2022-02-22",Tập 150 Số 2 (2022)
273,Đặc điểm lâm sàng rối loạn trầm cảm tái diễn ở người bệnh nội trú tại cơ sở sức khỏe tâm thần,"Vũ Sơn Tùng, Nguyễn Văn Tuấn, Eric Hahn","Đã xuất bản:
                        2022-02-22",Tập 150 Số 2 (2022)
274,Thai to - biến chứng và xử trí trẻ sau sinh,"Nguyễn Thị Quỳnh Nga, Đặng Thị Thanh Huyền, Trần Thị Lý","Đã xuất bản:
                        2022-01-28",Tập 149 Số 1 (2022)
275,Cơ chế phân tử của tính kháng Cephalosporin của Neisseria gonorrhoeae thu thập tại Việt Nam năm 2019 - 2020,"Trịnh Minh  Trang, Nguyễn Thị  Tâm, Lê Viết  Thanh, Phạm Thị Minh Phương, Phạm Thị Lan, H.Rogier van Doorn","Đã xuất bản:
                        2022-02-22",Tập 150 Số 2 (2022)
276,"Kiến thức, thái độ, thực hành về phân loại chất thải rắn y tế của sinh viên y khoa","Trần Quỳnh Anh, Lê Văn Hiệp, Nguyễn Thanh Hà","Đã xuất bản:
                        2022-03-01",Tập 151 Số 3 (2022)
277,Nhiễm Cytomegalovirus sau sinh ở trẻ sơ sinh non tháng,"Nguyễn Thị Quỳnh Nga, Trần Thị Lý","Đã xuất bản:
                        2022-01-28",Tập 149 Số 1 (2022)
278,"Mối liên quan giữa đa hình đơn gen IL-17F RS763780,  IL-17RA RS4819554 VÀ HLA-CW6  trên bệnh vảy nến thông thường ở Việt Nam","Phạm Thị Uyển  Nhi, Nguyễn Văn Thường, Nguyễn Trọng Hào, Hoàng Anh Vũ, Dương Bích Trâm","Đã xuất bản:
                        2022-02-22",Tập 150 Số 2 (2022)
279,Hiệu quả hoạt động thể lực trên bệnh nhân đái tháo đường typ 2 điều trị ngoại trú,"Nguyễn Thị Tâm, Phạm Thắng, Vũ Thị Thanh Huyền","Đã xuất bản:
                        2022-02-22",Tập 150 Số 2 (2022)
280,Nồng độ NT-proBNP huyết tương ở trẻ em khỏe mạnh,Ngô Anh Vinh,"Đã xuất bản:
                        2022-01-28",Tập 149 Số 1 (2022)
281,Đặc điểm lâm sàng rối loạn phổ tự kỷ từ 24 - 72 tháng tại Thành phố Cần Thơ,"Trần Thiện   Thắng, Nguyễn Minh Phương, Huỳnh Nguyễn Phương Quang, Phan Việt Hưng, Võ Văn Thi, Nguyễn Văn Tuấn","Đã xuất bản:
                        2022-02-22",Tập 150 Số 2 (2022)
282,Tỷ lệ taurodontism trong nhóm bệnh nhân mắc tạo xương bất toàn tại Bệnh viện Nhi Trung ương 2019 – 2021,"Nguyễn Thị Thu Hương, Tống Minh Sơn, Trần Vân Khánh, Vũ Chí Dũng","Đã xuất bản:
                        2022-02-22",Tập 150 Số 2 (2022)
283,"Mối liên quan giữa một số đặc điểm dịch tễ học, gen TNF-Α với nguy cơ mắc bệnh bụi phổi Silic","Nguyễn Việt, Nguyễn Ngọc Anh, Phạm Thị  Quân, Lê Thị  Hương, Lê Thị Thanh Xuân","Đã xuất bản:
                        2022-02-22",Tập 150 Số 2 (2022)
284,Đánh giá kết quả sớm phẫu thuật bảo tồn ung thư vú có sử dụng kỹ thuật tạo hình T ngược,"Hoàng Anh Dũng, Lê Hồng Quang, Lê Văn Quảng","Đã xuất bản:
                        2022-03-08",Tập 150 Số 2 (2022)
285,Giá trị của cộng hưởng từ 3 Tesla trong chẩn đoán tổn thương đám rối thần kinh cánh tay ở trẻ em do chấn thương sản khoa,"Ngô Văn Đoan, Bùi Văn Giang, Nguyễn Hồng Hà, Vương Kim Ngân","Đã xuất bản:
                        2022-01-28",Tập 149 Số 1 (2022)
286,"Lâm sàng, cận lâm sàng và chức năng hô hấp của trẻ hen phế quản có ngưng thở tắc nghẽn khi ngủ","Nguyễn Ngọc Quỳnh Lê, Thục Thanh Huyền, Lê Quỳnh Chi, Lê Huyền Trang, Nguyễn Thị Diệu Thúy, Nguyễn Thị Thanh Mai, Dương Quý Sỹ","Đã xuất bản:
                        2022-03-08",Tập 150 Số 2 (2022)
287,Đặc điểm hình ảnh cắt lớp vi tính và cộng hưởng từ của u cuộn nhĩ,"Nguyễn Thị Quỳnh Trâm, Lê Văn Khảng, Đàm Thủy Trang, Vũ Đăng Lưu","Đã xuất bản:
                        2022-02-14",Tập 149 Số 1 (2022)
288,Kết quả phẫu thuật khâu chóp xoay khớp vai bằng kỹ thuật hai hàng qua nội soi tại Bệnh viện Hữu nghị Việt Đức,"Hoàng Minh Thắng, Nguyễn Mộc Sơn, Nguyễn Mạnh Khánh, Ngô Văn Toàn","Đã xuất bản:
                        2022-02-14",Tập 149 Số 1 (2022)
289,Khảo sát nồng độ psa ở những nam giới có triệu chứng tiểu dưới trên 45 tuổi tại Bệnh viện Đại học Y Hà Nội,"Nguyễn Hoài Bắc, Hạ Hồng Cường","Đã xuất bản:
                        2022-02-14",Tập 149 Số 1 (2022)
290,"Đánh giá khả năng kháng kháng sinh của Entrococcus faecalis mang gen kháng Vancomycin phân lập từ người, động vật, thực phẩm và ngoại cảnh","Hoàng Thị An   Hà, Trần Huy  Hoàng, Nguyễn Vũ Trung, Nguyễn Hà  Thanh, Phạm Duy  Thái, Ngô Thị Hồng  Hạnh","Đã xuất bản:
                        2022-03-10",Tập 150 Số 2 (2022)
291,Giãn bạch mạch ruột tiên phát ở một trẻ có tiền sử u bạch huyết mạc treo đã phẫu thuật,"Mai Thành Công, Lê Thị Lan Anh, Nguyễn Thành Nam, Lê Văn Khảng","Đã xuất bản:
                        2022-02-14",Tập 149 Số 1 (2022)
292,"Kết quả phẫu thuật gãy kín mắt cá chân tại Bệnh viện Hữu nghị Việt Đức, năm 2019","Vũ Trường Thịnh, Dương Ngọc Lê Mai, Trần Minh Long Triều, Nguyễn Thái Sơn, Nguyễn Xuân Thùy","Đã xuất bản:
                        2022-01-28",Tập 149 Số 1 (2022)
293,"Đặc điểm lâm sàng, cận lâm sàng và xử trí u nhầy buồng trứng tại Bệnh viện Phụ sản Trung ương","Nguyễn Thị Nga, Nguyễn Quốc Tuấn, Lê Thị Hương Lan, Nguyễn Thanh Tùng","Đã xuất bản:
                        2022-02-14",Tập 149 Số 1 (2022)
294,Kết quả giải phẫu sau 12 tháng theo dõi hậu phẫu nội soi nối thông túi lệ - mũi,"Hà Huy Thiên Thanh, Nguyễn Quốc Anh, Phạm Thị Khánh Vân","Đã xuất bản:
                        2022-01-28",Tập 149 Số 1 (2022)
295,"So sánh đặc điểm lâm sàng, hình ảnh điện quang ở bệnh nhân chấn thương cột sống vùng ngực thắt lưng Denis iib theo phân loại chia sẻ lực tải của đốt sống tổn thương","Nguyễn Ngọc  Quyền, Lê Hùng Trường, Vũ Hồng Vân","Đã xuất bản:
                        2022-01-28",Tập 149 Số 1 (2022)
296,"Đột biến kháng levofloxacin trên gen gyrA, gyrB của Helicobacter pylori trên bệnh nhân viêm loét dạ dày tá tràng","Trần Thị Như Lê, Nguyễn Vũ Trung, Trần Ngọc Ánh","Đã xuất bản:
                        2022-02-22",Tập 150 Số 2 (2022)
297,Phân lập tế bào ung thư từ khối u và dịch ổ bụng của bệnh nhân ung thư biểu mô buồng trứng,"Nguyễn Thùy Linh, Nguyễn Văn Đô, Trần Ngọc Dũng, Nguyễn Lĩnh Toàn, Ngô Thu Hằng, Đặng Thành Chung","Đã xuất bản:
                        2022-03-08",Tập 150 Số 2 (2022)
298,Đặc điểm phân bố hạch di căn sau họng và các vùng cổ khác trong ung thư vòm họng trên chụp cộng hưởng từ,"Lâm Đông Phong, Hoàng Đức Kiệt, Trần Thanh Phương","Đã xuất bản:
                        2022-02-22",Tập 150 Số 2 (2022)
299,Nghiên cứu đa hình đơn nucleotide rs36084323 của gen PDCD-1 ở bệnh nhân Viêm gan B mạn tính,"Ngọ Thị Uyên, Nghiêm Xuân Hoàn, Tạ Thành Văn, Phạm Thị Minh Huyền, Đào Phương Giang, Đặng Thị Ngọc Dung","Đã xuất bản:
                        2022-01-28",Tập 149 Số 1 (2022)
300,Tình trạng dinh dưỡng và thực trạng nuôi dưỡng của bệnh nhân suy tim cấp tại Viện Tim mạch Việt Nam 2020,"Nguyễn Thị Huế, Phạm Minh Tuấn","Đã xuất bản:
                        2022-01-28",Tập 149 Số 1 (2022)
301,Sự phân bố các chủng Human Papilomavirus (HPV) trong ung thư vòm mũi họng,"Nguyễn Thị Liên, Nguyễn Văn Chủ, Phạm Lê Anh Tuấn, Tạ Thành Đạt, Nguyễn Hoàng Việt","Đã xuất bản:
                        2022-01-28",Tập 149 Số 1 (2022)
302,Phân lập bacteriophage phân giải vi khuẩn Escherichia coli từ môi trường nước bằng phương pháp vết tan,"Nguyễn Trọng Tuệ, Vũ Đức Anh, Phạm Thị Hòa","Đã xuất bản:
                        2022-01-28",Tập 149 Số 1 (2022)
303,Hội chứng sảng ở người bệnh cao tuổi điều trị nội trú tại Bệnh viện Lão khoa Trung ương,"Hoàng Thị Phương Nam, Trần Nguyễn Ngọc","Đã xuất bản:
                        2022-02-14",Tập 149 Số 1 (2022)
304,Đặc điểm hình ảnh của nang giáp lưỡi thể lưỡi trên cộng hưởng từ,"Nguyễn Thị Huyền, Lê Văn Khảng, Phạm Tuấn Cảnh, Đàm Thủy Trang, Vũ Đăng Lưu","Đã xuất bản:
                        2022-02-14",Tập 149 Số 1 (2022)
305,,,,
306,,,,
307,,,,
308,,,,
309,,,,
310,,,,
311,,,,
312,,,,
313,,,,
314,,,,
315,Đặc điểm kiểu hình của cơn cấp rối loạn chuyển hoá bẩm sinh chu trình ure tại Bệnh viện Nhi trung ương,"Nguyễn Việt Hùng, Vũ Chí Dũng, Nguyễn Ngọc Khánh","Đã xuất bản:
                        2022-01-28",Tập 149 Số 1 (2022)
316,Mối liên quan giữa bụi mịn PM2.5 và kết quả sinh con nhẹ cân đủ tháng tại Thành phố Hồ Chí Minh,"Lê Thủy Lợi, Lê Trường Vĩnh Phúc, Trần Ngọc Đăng","Đã xuất bản:
                        2022-01-28",Tập 149 Số 1 (2022)
317,Primary left atrial angiosarcoma mimicking pericarditis: A case report and review of the literature,"Trinh Le Huy, Pham Duy Manh","Đã xuất bản:
                        2021-12-31",Tập 148 Số 12 (2021): Tập 148 số 12 E9
318,Đặc điểm hình ảnh và kết quả điều trị lấy huyết khối cơ học ở bệnh nhân nhồi máu não cấp do tắc đoạn m2 động mạch não giữa,"Trần Tất Hiến, Nguyễn Quang Anh, Trần Anh Tuấn","Đã xuất bản:
                        2022-02-14",Tập 149 Số 1 (2022)
319,Đánh giá hiệu quả của phác đồ bốn thuốc có bismuth trong điều trị loét dạ dày tá tràng có nhiễm Helicobacter Pylori ở trẻ em,"Nguyễn Thị Việt Hà, Nguyễn Thị Hồng Nhân, Phan Văn Nhã","Đã xuất bản:
                        2022-02-14",Tập 149 Số 1 (2022)
320,Evaluation of acute and subchronic toxicity of “Tran Chau Nguu Hoang Hoan” in experimental animals,"Tran Thai Ha, Pham Thi Van Anh, Dao Xuan Tinh, Dinh Thi Thu Hang","Đã xuất bản:
                        2021-12-31",Tập 148 Số 12 (2021): Tập 148 số 12 E9
321,Late surfactant replacement therapy and its efficacy on severe bronchopulmonary dysplasia in National Children Hospital,"Nguyen Thi Quynh Nga , Nguyen Thi Van","Đã xuất bản:
                        2021-12-31",Tập 148 Số 12 (2021): Tập 148 số 12 E9
322,Acute and subchronic oral toxicity assessments of BTL tea in experimental animals,"Tran Thai Ha, Bui Viet Chung, Pham Thi Van Anh, Nguyen Thi Ngoc, Dinh Thi Thu Hang","Đã xuất bản:
                        2021-12-31",Tập 148 Số 12 (2021): Tập 148 số 12 E9
323,Analgesic activity of Phong Thap Dan tablets in animal models,"Le Thi Nhat Ngoc, Le Thanh Xuan, Nguyen Van Phuc, Tran Quang Minh, Vu Viet Hang, Pham Thi Van Anh, Dau Thuy Duong","Đã xuất bản:
                        2021-12-31",Tập 148 Số 12 (2021): Tập 148 số 12 E9
324,Yếu tố liên quan tới chất lượng cuộc sống liên quan đến sức khỏe của trẻ bị động kinh tại Bệnh viện Nhi Trung ương,"Nguyễn Thị Thanh Mai, Phạm Thị Bình, Đào Thị Nguyệt","Đã xuất bản:
                        2022-02-14",Tập 149 Số 1 (2022)
325,Subchronic oral toxicity of Rabella powder in experimental rats,"Pham Thi Van Anh, Tran Thai Ha, Ta Minh Nguyet, Dinh Thi Thu Hang","Đã xuất bản:
                        2021-12-31",Tập 148 Số 12 (2021): Tập 148 số 12 E9
326,Acute and sub-chronic oral toxicities of DA.AMLODEPON HVD hard capsule in experimental animals,"Pham Thi Van Anh, Nguyen Van Dam, Nguyen Van Dat, Pham Thanh Ky, Nguyen Trong Thong, Dao Thi Ngoan, Dang Thi Thu Hien","Đã xuất bản:
                        2021-12-31",Tập 148 Số 12 (2021): Tập 148 số 12 E9
327,Kết quả phẫu thuật nội soi sửa van hai lá điều trị bệnh hở van hai lá đơn thuần,"Phạm Thành Đạt, Nguyễn Công Hựu, Ngô Thành Hưng, Nguyễn Hoàng Nam, Lê Ngọc Thành, Đoàn Quốc Hưng","Đã xuất bản:
                        2022-02-14",Tập 149 Số 1 (2022)
328,The study of acute and subchronic toxicities of Da Dai Trang HVD capsules in experimental animals,"Pham Thi Van Anh, Nguyen Van Dam, Pham Thanh Ky, Vu Viet Hang, Dinh Thi Thu Hang","Đã xuất bản:
                        2021-12-31",Tập 148 Số 12 (2021): Tập 148 số 12 E9
329,Evaluating the result of sphincteric-preserving surgery (Parks procedure) for low rectal cancer,"Trinh Le Huy , Ngo Van Ty","Đã xuất bản:
                        2021-12-31",Tập 148 Số 12 (2021): Tập 148 số 12 E9
330,Results of surgical treatment of anal sphincter injury following vaginal delivery at Hanoi Medical University Hospital: a case series report,"Tran Ngoc Dung, Tran Bao Long, Luu Quang Dung, Nguyen Thi Thu Vinh, Nguyen Duc Phan","Đã xuất bản:
                        2021-12-31",Tập 148 Số 12 (2021): Tập 148 số 12 E9
331,Nutritional status of patients undergoing upper gastrointestinal cancer surgery: A cross-sectional study at a single centre,"Tran Hieu Hoc, Nguyen Duy Hieu, Pham Van Phu, Tran Thu Huong, Tran Que Son","Đã xuất bản:
                        2021-12-31",Tập 148 Số 12 (2021): Tập 148 số 12 E9
332,Cerebral venous sinus thrombosis related to vaccine-induced immune thrombotic thrombocytopenia: First reported case in Vietnam,"Hoang Bui Hai , Do Giang Phuc, Nguyen Thanh Chung, Tran Thi Kieu My, Le Thi Thanh Xuan, Michael M Dinh, Nguyen Lan Hieu","Đã xuất bản:
                        2021-12-31",Tập 148 Số 12 (2021): Tập 148 số 12 E9
333,Giá trị của trắc nghiệm đánh giá trạng thái tâm thần tối thiểu (mmse) trong sàng lọc sa sút trí tuệ ở người cao tuổi tại cộng đồng,"Cao Mạnh Long, Hồ Thị Kim Thanh, Trần Khánh Toàn","Đã xuất bản:
                        2022-01-28",Tập 149 Số 1 (2022)
334,A case report of refractory congenital chylous ascites in infant – surgical treatment with Fibrin glue,"Nguyen Van Tinh, Nguyen Thi Viet Ha , Dang Thuy Ha , Le Dinh Cong, Vu Manh Hoan, Pham Thi Thanh Nga, Do Thi Minh Phuong , Tran Minh Dien","Đã xuất bản:
                        2021-12-31",Tập 148 Số 12 (2021): Tập 148 số 12 E9
335,Evaluation effects of “An Tri Khang” hard capsule on scopolamine-induced memory impairment in experimental animals,"Tran Thanh Tung, Trinh Vinh Quang, Phan Van Nam Phuong      , Dao Viet Hoang, Dang Thi Thu Hien","Đã xuất bản:
                        2021-12-31",Tập 148 Số 12 (2021): Tập 148 số 12 E9
336,"Kiến thức, thực hành phòng lây nhiễm viêm gan B của người bệnh mới vào điều trị tại khoa viêm gan, Bệnh viện Chợ Rẫy","Lê Minh Thi, Trần Thị Diễm","Đã xuất bản:
                        2022-01-28",Tập 149 Số 1 (2022)
337,Giá trị tiên lượng của thang điểm wfns đối với kết quả xấu sau chảy máu dưới nhện do phình động mạch não,"Vương Thị Thu Hiền, Lương Quốc Chính","Đã xuất bản:
                        2022-02-14",Tập 149 Số 1 (2022)
338,The evaluation of acute and subchronic toxicities of An Phu Khang capsules in experimental animals,"Ha Thi Yen, Tran Thanh Tung, Dang Thi Thu Hien","Đã xuất bản:
                        2021-12-31",Tập 148 Số 12 (2021): Tập 148 số 12 E9
339,ST-elevation myocardial infarction complicated by cardiac arrest in a young patient with familiar dyslipidemia,"Pham Minh Tuan, Doan Tuan Vu","Đã xuất bản:
                        2021-12-31",Tập 148 Số 12 (2021): Tập 148 số 12 E9
340,The proximal fibular free flap - an ideal material for reconstructing distal radius defect after Giant tumor cell resection. A case report,"Duong Manh Chien, Hoang Tuan Anh, Nguyen Tran Quang Sang, Phan Van Tan, Nguyen Huu Trong, Nguyen Ngoc Tuan, Pham Kien Nhat","Đã xuất bản:
                        2021-12-31",Tập 148 Số 12 (2021): Tập 148 số 12 E9
341,Prevalence and related factors of alcohol consumption among ethnic minority boarding high schoolers in Southern Vietnam,"Nguyen Thanh Binh, Le Thi Diem Trinh, Pham Duy Quang, Nguyen Ngoc Bich, Dieu Kich","Đã xuất bản:
                        2021-12-31",Tập 148 Số 12 (2021): Tập 148 số 12 E9
342,Nuôi ăn hoàn hồi dịch tiêu hóa  cho trẻ có dẫn lưu hai đầu ruột: Báo cáo ca bệnh,"Nguyễn Thị Thuý Hồng, Lưu Thị Mỹ Thục, Vũ Mạnh Hoàn, Lường Hữu Bảy, Phạm Anh Thơ","Đã xuất bản:
                        2022-01-28",Tập 149 Số 1 (2022)
343,Sub-chronic oral toxicity study of “Phong Thap Dan” tablets in experimental animal,"Le Thanh Xuan, Le Thi Nhat Ngoc, Tran Quang Minh, Vu Viet Hang , Pham Thi Van Anh, Dang Thi Thu Hien","Đã xuất bản:
                        2021-12-31",Tập 148 Số 12 (2021): Tập 148 số 12 E9
344,Efficacy and safety of Trang Phuc Linh Plus tablets in patients with irritable bowel syndrome-diarrhea,"Pham Thi Van Anh, Nguyen Phuong Thanh, Dau Thuy Duong, Nguyen Thi Thuy, Dang Thi Ngoc Mai, Nguyen Duc Linh Chi, Nguyen Quang Thai, Hoang Xuan Ba, Hoang Thi Huong, Tran Ngoc Anh, Duong Cong Thanh, Nguyen Thi Phuong Anh","Đã xuất bản:
                        2021-12-31",Tập 148 Số 12 (2021): Tập 148 số 12 E9
345,Surgical outcome of congenital penile curvature treatment with corporal rotation technique,"Nguyen Hoai Bac, Nguyen Cao Thang","Đã xuất bản:
                        2021-12-31",Tập 148 Số 12 (2021): Tập 148 số 12 E9
346,Kết quả phẫu thuật giải ép thần kinh giữa với đường mổ nhỏ tại Bệnh viện Đại học Y Hà Nội,"Đỗ Văn Minh, Nguyễn Trọng Đạt, Đào Xuân Thành","Đã xuất bản:
                        2022-07-06",Tập 149 Số 1 (2022)
347,Rectal metastasis in Lung cancer: A case report and review of the literature,"Trinh Le Huy, Pham Duy Manh","Đã xuất bản:
                        2021-12-31",Tập 148 Số 12 (2021): Tập 148 số 12 E9
348,Sub-chronic oral toxicity study of “Kien Nao Dan” tablets in experimental animal,"Trinh Thi Thuy Hong, Le Thanh Xuan, Tran Quang Minh, Vu Viet Hang , Pham Thi Van Anh , Dang Thi Thu Hien","Đã xuất bản:
                        2021-12-31",Tập 148 Số 12 (2021): Tập 148 số 12 E9
349,Đánh giá kết quả bước đầu điều trị hóa chất tiền phẫu ung thư buồng trứng figo iiic-iv tại Bệnh viện Đại học Y Hà Nội,"Ngô Văn Tỵ, Trần Đình Anh, Đào Tiến Lực","Đã xuất bản:
                        2021-12-01",Tập 147 Số 11 (2021)
350,A case of primary breast diffuse large B cell lymphoma,"Trinh Le Huy, Tran Dinh Anh","Đã xuất bản:
                        2021-12-31",Tập 148 Số 12 (2021): Tập 148 số 12 E9
351,Đánh giá kết quả phẫu thuật kết hợp xương bằng nẹp vít điều trị gãy kín mâm chày tại Bệnh viện Đại học Y Hà Nội,"Đào Xuân Thành, Huonn Bounna, Nguyễn Văn Hoạt","Đã xuất bản:
                        2021-12-01",Tập 147 Số 11 (2021)
352,Ung thư biểu mô tế bào hình thoi của tuyến vú: Báo cáo một trường hợp hiếm gặp,"Hoàng Thị Ngọc  Mai, Đoàn Minh  Khuy, Trần Ngọc  Minh, Phạm Thuần  Mạnh","Đã xuất bản:
                        2021-12-01",Tập 147 Số 11 (2021)
353,Knowledge and experiences of abortion among adolescent girls in Asia: a scoping review from 2010 to 2020,"Nguyen Thanh Hang, Nguyen Dang Vung","Đã xuất bản:
                        2021-12-31",Tập 148 Số 12 (2021): Tập 148 số 12 E9
354,Báo cáo một trường hợp u xơ đơn độc/u tế bào quanh mạch ở hệ thần kinh trung ương,"Đặng Đức Thịnh, Trần Ngọc Minh","Đã xuất bản:
                        2021-12-01",Tập 147 Số 11 (2021)
355,Cơ cấu bệnh tật tại khoa cấp cứu Bệnh viện Đại học Y Hà Nội năm 2019,"Vũ Đình  Hùng , Kiều Thị  Hoa , Hoàng Bùi Hải","Đã xuất bản:
                        2021-12-07",Tập 147 Số 11 (2021)
356,Thực hành dinh dưỡng và bữa phụ tối muộn của người bệnh xơ gan tại Bệnh viện Đại học Y Hà Nội năm 2020,"Nguyễn Thuỳ Linh, Phạm Thị Tuyết  Chinh, Nguyễn Thị Minh Tâm","Đã xuất bản:
                        2021-12-01",Tập 147 Số 11 (2021)
357,Phẫu thuật cố định cột sống ít xâm lấn và giải ép gián tiếp trong chấn thương mất vững cột sống vùng ngực - thắt lưng,"Trần Trung Kiên, Kiều Đình Hùng, Bùi Văn Sơn","Đã xuất bản:
                        2021-12-01",Tập 147 Số 11 (2021)
358,Kết quả bước đầu trong tái tạo tổn khuyết khoang miệng bằng vạt dưới cằm,"Lê Ngọc Sơn, Đặng Triệu Hùng","Đã xuất bản:
                        2021-12-01",Tập 147 Số 11 (2021)
359,Nghiên cứu giá trị của xét nghiệm Xpert MTB/RIF Ultra đờm ở người bệnh nghi lao có hai mẫu xét nghiệm soi đờm trực tiếp AFB (-),"Nguyễn Kim  Cương, Nguyễn Huy  Hoàng","Đã xuất bản:
                        2021-12-01",Tập 147 Số 11 (2021)
360,"Một số yếu tố ảnh hưởng tới kiến thức và thực hành về dự phòng bệnh tăng huyết áp của người dân tại huyện Hạ Hoà, Phú Thọ năm 2018","Ngô Văn  Toàn, Lê Vũ Thuý  Hương, Trần Quỳnh  Anh, Trần Minh  Hải, Lê Quang  Thọ","Đã xuất bản:
                        2021-12-01",Tập 147 Số 11 (2021)
361,Kết quả bước đầu điều trị thoát vị đĩa đệm l5/s1 bằng phẫu thuật nội soi liên bản sống,"Nguyễn Vũ, Lê Đức  Tâm","Đã xuất bản:
                        2021-12-01",Tập 147 Số 11 (2021)
362,Tăng Acid uric máu không triệu chứng và một số yếu tố liên quan ở nam giới đến khám tại Bệnh viện Đại học Y Hà Nội,"Phạm Văn Tú, Phạm Thu Hằng, Đỗ Thị Huyền  Trang, Trần Thu Giang, Nguyễn Thị  Thoa, Phạm Hoài Thu","Đã xuất bản:
                        2021-12-01",Tập 147 Số 11 (2021)
363,Ung thư biểu mô tế bào thận dạng sarcoma di căn xương sườn: Báo cáo ca bệnh và hồi cứu y văn,"Phạm Thuần Mạnh, Trần Ngọc Minh, Nguyễn Thị Quỳnh","Đã xuất bản:
                        2021-12-01",Tập 147 Số 11 (2021)
364,Thực trạng và kết quả điều trị phản vệ sau tiêm vắc xin Astrazeneca phòng Covid-19 tại Trường Đại học Y Hà Nội,"Nguyễn Minh  Nguyên , Hoàng Bùi  Hải","Đã xuất bản:
                        2021-12-01",Tập 147 Số 11 (2021)
365,"Một số đặc điểm dịch tễ, lâm sàng và cận lâm sàng của bệnh nhân ung thư biểu mô tế bào gan tại Bệnh viện Đại học Y Hà Nội","Lê Hoài Thương, Trần Ngọc Ánh, Đậu Quang Liêu","Đã xuất bản:
                        2021-12-01",Tập 147 Số 11 (2021)
366,Kết quả điều trị rối loạn đông máu rải rác trong lòng mạch,"Nguyễn Chí Thành1, Nguyễn Quang Tùng1 Bệnh viện Đại học Y Hà Nội","Đã xuất bản:
                        2021-12-01",Tập 147 Số 11 (2021)
367,Mối liên quan giữa bụi mịn với số người bệnh cao tuổi mắc tai biến mạch máu não tại 05 Bệnh viện tại Thành phố Đà Nẵng năm 2019,"Ngô Văn Toàn, Lê Vũ Thuý Hương, Trần Thị Thoa, Nguyễn Thị Khánh Linh, Trần Quỳnh Anh","Đã xuất bản:
                        2021-12-01",Tập 147 Số 11 (2021)
368,Ca lâm sàng hạ đường huyết do hội chứng kháng Insulin tự miễn,"Vũ Bích Nga, Nguyễn Thị Thanh Hương, Trần Thị Hải","Đã xuất bản:
                        2021-12-01",Tập 147 Số 11 (2021)
369,Hiệu quả giảm đau sau mổ của phương pháp gây tê mặt phẳng cơ dựng sống (erector spinae plane block) cho phẫu thuật tim hở,"Trần Việt  Đức, Vũ Hoàng Phương, Đồng Thị Tú Oanh, Nguyễn Thị Quỳnh, Lê Thị  Nhung, Nguyễn Văn Chung, Hoàng Thị  Hương, Nguyễn Hữu Tú","Đã xuất bản:
                        2021-12-01",Tập 147 Số 11 (2021)
370,Tình trạng dinh dưỡng và đặc điểm kiểu gen của người bệnh ung thư dạ dày tại 4 bệnh viện ở Hà Nội,"Ngọc Lan Nguyễn Thị, Tạ Thành Văn, Đặng Thị Ngọc Dung, Vũ Văn Quý, Nguyễn Thùy Linh, Nguyễn Thị Thu Liễu","Đã xuất bản:
                        2021-12-01",Tập 147 Số 11 (2021)
371,Viêm đa sụn tái diễn: Báo cáo hai trường hợp lâm sàng,"Trần Thu  Giang, Nguyễn Thị  Thoa, Phạm Thu Hằng, Đỗ Thị Huyền Trang, Phạm Văn Tú, Phạm  Hoài Thu","Đã xuất bản:
                        2021-12-01",Tập 147 Số 11 (2021)
372,Ý nghĩa của một số chỉ số xét nghiệm hồng cầu lưới trên lâm sàng,"Phạm Thị Thanh  Nga, Nguyễn Quang  Tùng, Nguyễn Chí  Thành","Đã xuất bản:
                        2021-12-01",Tập 147 Số 11 (2021)
373,"Kiến thức, thực hành của người chế biến tại bếp ăn tập thể các Trường mầm non Thành phố Hải Dương năm 2020","Nguyễn Thị  Thắm, Đào Thị Thu Thuỷ, Cáp Minh Đức11 s:45:""Trường Đại học Y Dược Hải Phòng"";","Đã xuất bản:
                        2021-10-29",Tập 146 Số 10 (2021)
374,Phát hiện đột biến mới trên Gen AR ở bệnh nhân mắc hội chứng kháng androgen,"Lương Thị Lan Anh, Trần Đức Phấn, Đoàn Thị Kim Phượng, Nguyễn Đăng Tôn, Nguyễn Thị Trang, Hoàng Thu Lan, Nguyễn Hữu Đức Anh, Nguyễn Thị Minh Ngọc","Đã xuất bản:
                        2021-12-01",Tập 147 Số 11 (2021)
375,Đáp ứng điều trị ung thư dạ dày tân bổ trợ bằng phác đồ flot,"Trịnh Lê  Huy, Nguyễn Thị  Vượng, Phạm Quỳnh  Nga, Nguyễn Văn Hùng, Mai Thị Kim Ngân","Đã xuất bản:
                        2021-12-01",Tập 147 Số 11 (2021)
376,Ứng dụng phẫu thuật ít xâm lấn lối bên thay đĩa đệm và bắt vít qua da lối sau (xlif) điều trị hẹp ống sống thắt lưng tại Bệnh viện Đại học Y Hà Nội,"Nguyễn Vũ, Hồ Thanh  Sơn","Đã xuất bản:
                        2021-12-01",Tập 147 Số 11 (2021)
377,Kỷ nguyên mới của xét nghiệm di truyền,"Lương Thị Lan Anh11 s:61:""Bộ môn Y sinh học di truyền - Đại học Y Hà Nội"";","Đã xuất bản:
                        2021-12-01",Tập 147 Số 11 (2021)
378,Chẩn đoán căn nguyên nốt đơn độc ở phổi tại Bệnh viện Đại học Y Hà Nội,"Lê Hoàn, Vũ Văn Giáp, Đinh Thị Thanh Hồng, Nguyễn Thị  Như  Quỳnh, Trần Khánh Chi, Lê Minh Hằng","Đã xuất bản:
                        2021-12-01",Tập 147 Số 11 (2021)
379,Xác định căn nguyên nhiễm trùng đường hô hấp dưới cộng đồng bằng kỹ thuật chuỗi phản ứng polymerase đa mồi tại Bệnh viện Đại học Y Hà Nội,"Lê Hoàn, Lê Minh Hằng, Đinh Thị Thanh Hồng, Trần Khánh Chi, Trần Minh Châu, Nguyễn Thị Hà, Nguyễn Thị  Như Quỳnh","Đã xuất bản:
                        2021-12-01",Tập 147 Số 11 (2021)
380,Đánh giá kết quả nút tắc ống ngực điều trị biến chứng rò dưỡng chấp sau mổ ung thư tuyến giáp,"Nguyễn Ngọc Cương, Phạm Hồng Cảnh , Lê Tuấn Linh","Đã xuất bản:
                        2021-12-01",Tập 147 Số 11 (2021)
381,Kết quả điều trị sau phẫu thuật ở bệnh nhân thoát vị đĩa đệm cột sống thắt lưng cùng có hẹp ống sống bằng phương pháp cố định cột sống qua cuống và ghép xương liên thân đốt qua lỗ liên hợp (xâm lấn tối thiểu và mổ mở),"Kiều Đình Hùng, Bùi Văn Sơn","Đã xuất bản:
                        2021-12-01",Tập 147 Số 11 (2021)
382,Tình trạng dinh dưỡng của người bệnh xơ gan tại Bệnh viện Đa khoa Đống Đa năm 2021,"Nguyễn Thị  Mai1, Nguyễn Thái Minh, Dương Quốc Bảo, Nguyễn Thị Mai  Hương, Nguyễn Thị Minh Thu, Nguyễn Quang Dũng1 Đại học Y Hà Nội","Đã xuất bản:
                        2021-10-29",Tập 146 Số 10 (2021)
383,Khẩu phần ăn trước điều trị I-131 của người bệnh ung thư tuyến giáp tại Bệnh viện Nội tiết Trung ương năm 2020 - 2021,"Hoàng Thị  Hằng1, Lương Quốc Hải, Trần Văn Phương, Nguyễn Trọng Hưng1 Đại học Y Hà Nội","Đã xuất bản:
                        2021-10-29",Tập 146 Số 10 (2021)
384,Thực trạng điều kiện vệ sinh tại bếp ăn tập thể các Trường mầm non Thành phố Hải Dương năm 2020,"Nguyễn Thị  Thắm, Đào Thị Thu Thuỷ, Cáp Minh Đức11 s:45:""Trường Đại học Y Dược Hải Phòng"";","Đã xuất bản:
                        2021-10-29",Tập 146 Số 10 (2021)
385,"Thực trạng thừa cân béo phì của học sinh Trường Tiểu học Hồng Thái, huyện An Dương, Thành phố Hải Phòng","Cáp Minh Đức1, Nguyễn Thị Thanh  Nga, Nguyễn Thị  Thắm1 s:45:""Trường Đại học Y Dược Hải Phòng"";","Đã xuất bản:
                        2021-10-29",Tập 146 Số 10 (2021)
386,Tình trạng thiếu vi chất dinh dưỡng của nữ công nhân từ 18 - 35 tuổi tại một Công ty ở miền Bắc Việt Nam năm 2020,"Vũ Văn Quyết1, Phạm Duy Quang, Nguyễn Thuỳ Linh, Trịnh Bảo Ngọc1 Truong Dai học Y Ha Noi","Đã xuất bản:
                        2021-10-29",Tập 146 Số 10 (2021)
387,"Tình trạng dinh dưỡng của người bệnh thở máy tại Khoa hồi sức tích cực - chống độc, Bệnh viện Đa khoa Đống Đa năm 2019","Lê Thị Phương  Thuý1, Nguyễn Phương  Thảo, Đinh Trọng  Hiếu, Phạm Việt  Tuân, Nguyễn Quang  Dũng1 Bệnh viện đa khoa Đống Đa","Đã xuất bản:
                        2021-10-29",Tập 146 Số 10 (2021)
388,Tình trạng dinh dưỡng và khẩu phần thực tế của bệnh nhân ung thư thực quản tại Bệnh viện K năm 2021,"Nguyễn Thị Thuý Lương1, Nguyễn Thị Thanh  Hoà, Lê Thị  Hương1 Viện đào tạo YHDP&YTCC, Trường Đại học Y Hà Nội","Đã xuất bản:
                        2021-10-29",Tập 146 Số 10 (2021)
389,Một số yếu tố liên quan tới tình trạng dinh dưỡng của trẻ dưới 24 tháng tuổi đến khám tại Trung tâm Kiểm soát bệnh tật tỉnh Bắc Giang 2020,"Trịnh Bảo Ngọc1, Nguyễn Thị Như Quỳnh, Nguyễn Thị Thu Liễu11 Đại học Y Hà Nội","Đã xuất bản:
                        2021-10-29",Tập 146 Số 10 (2021)
390,"Thừa cân, béo phì và một số yếu tố liên quan của học sinh lớp 5 tại Hà Nội","Nguyễn Thị Hải Yến1, Trần Quang Trung1, Nguyễn Thị Kiều Anh1, Đặng Thị Thanh Hà11 Trung tâm Kiểm soát bệnh tật Hà Nội","Đã xuất bản:
                        2021-10-29",Tập 146 Số 10 (2021)
391,Nhận xét kết quả của xét nghiệm genexpert mtb/rif đờm trong chẩn đoán lao phổi tại Bệnh viện Đại học Y Hà Nội,"Lê  Hoàn, Lê Minh Hằng, Nguyễn Thị Như Quỳnh, Trần Khánh Chi, Trần Minh Châu, Đinh Thị Thanh  Hồng","Đã xuất bản:
                        2021-12-01",Tập 147 Số 11 (2021)
392,Thực trạng tuân thủ dinh dưỡng của người bệnh đái tháo đường type 2 điều trị ngoại trú tại Bệnh viện Nội tiết Trung ương năm 2021 và một số yếu tố liên quan,"Phạm Hoàng Anh, Nguyễn Thị Thu Hà, Lê Thị Thảo Ly, Nguyễn Trọng  Hưng11 Viện Dinh dưỡng","Đã xuất bản:
                        2021-10-29",Tập 146 Số 10 (2021)
393,Tình trạng lo âu và một số yếu tố liên quan ở người bệnh khám nam học tại Bệnh viện Đại học Y Hà Nội,"Bùi Thị Oanh, Nguyễn  Hoài   Bắc, Chu  Thị  Chi","Đã xuất bản:
                        2021-12-01",Tập 147 Số 11 (2021)
